X,CH1,CH2,Start,Increment
Sequence,Volt,Volt,7.42E-05,2.00E-09
0,1.54E+01,2.00E-01,,
1,1.58E+01,-2.00E-01,,
2,1.56E+01,2.00E-01,,
3,1.56E+01,2.00E-01,,
4,1.54E+01,-2.00E-01,,
5,1.56E+01,2.00E-01,,
6,1.56E+01,-2.00E-01,,
7,1.58E+01,2.00E-01,,
8,1.54E+01,-2.00E-01,,
9,1.58E+01,2.00E-01,,
10,1.56E+01,2.00E-01,,
11,1.56E+01,2.00E-01,,
12,1.56E+01,-2.00E-01,,
13,1.56E+01,2.00E-01,,
14,1.56E+01,-2.00E-01,,
15,1.56E+01,2.00E-01,,
16,1.54E+01,2.00E-01,,
17,1.56E+01,2.00E-01,,
18,1.56E+01,2.00E-01,,
19,1.58E+01,2.00E-01,,
20,1.56E+01,-2.00E-01,,
21,1.56E+01,2.00E-01,,
22,1.56E+01,2.00E-01,,
23,1.58E+01,-2.00E-01,,
24,1.54E+01,2.00E-01,,
25,1.58E+01,2.00E-01,,
26,1.56E+01,2.00E-01,,
27,1.56E+01,2.00E-01,,
28,1.54E+01,-2.00E-01,,
29,1.58E+01,2.00E-01,,
30,1.56E+01,2.00E-01,,
31,1.58E+01,2.00E-01,,
32,1.54E+01,2.00E-01,,
33,1.56E+01,2.00E-01,,
34,1.56E+01,-2.00E-01,,
35,1.58E+01,2.00E-01,,
36,1.54E+01,2.00E-01,,
37,1.56E+01,2.00E-01,,
38,1.56E+01,2.00E-01,,
39,1.58E+01,-2.00E-01,,
40,1.54E+01,2.00E-01,,
41,1.56E+01,2.00E-01,,
42,1.56E+01,2.00E-01,,
43,1.58E+01,2.00E-01,,
44,1.54E+01,-2.00E-01,,
45,1.58E+01,2.00E-01,,
46,1.56E+01,2.00E-01,,
47,1.58E+01,2.00E-01,,
48,1.54E+01,2.00E-01,,
49,1.58E+01,2.00E-01,,
50,1.56E+01,2.00E-01,,
51,1.58E+01,2.00E-01,,
52,1.54E+01,-2.00E-01,,
53,1.58E+01,2.00E-01,,
54,1.56E+01,2.00E-01,,
55,1.58E+01,-2.00E-01,,
56,1.54E+01,2.00E-01,,
57,1.56E+01,2.00E-01,,
58,1.56E+01,2.00E-01,,
59,1.58E+01,2.00E-01,,
60,1.54E+01,-2.00E-01,,
61,1.56E+01,2.00E-01,,
62,1.56E+01,2.00E-01,,
63,1.58E+01,2.00E-01,,
64,1.56E+01,2.00E-01,,
65,1.58E+01,2.00E-01,,
66,1.56E+01,2.00E-01,,
67,1.58E+01,2.00E-01,,
68,1.56E+01,-2.00E-01,,
69,1.56E+01,2.00E-01,,
70,1.56E+01,2.00E-01,,
71,1.56E+01,2.00E-01,,
72,1.56E+01,-2.00E-01,,
73,1.58E+01,2.00E-01,,
74,1.56E+01,2.00E-01,,
75,1.58E+01,-2.00E-01,,
76,1.54E+01,2.00E-01,,
77,1.56E+01,2.00E-01,,
78,1.56E+01,2.00E-01,,
79,1.58E+01,2.00E-01,,
80,1.54E+01,-2.00E-01,,
81,1.56E+01,2.00E-01,,
82,1.56E+01,2.00E-01,,
83,1.56E+01,2.00E-01,,
84,1.56E+01,-2.00E-01,,
85,1.58E+01,2.00E-01,,
86,1.56E+01,2.00E-01,,
87,1.58E+01,2.00E-01,,
88,1.54E+01,2.00E-01,,
89,1.56E+01,2.00E-01,,
90,1.56E+01,2.00E-01,,
91,1.56E+01,2.00E-01,,
92,1.56E+01,-2.00E-01,,
93,1.56E+01,2.00E-01,,
94,1.56E+01,2.00E-01,,
95,1.56E+01,-2.00E-01,,
96,1.54E+01,2.00E-01,,
97,1.58E+01,2.00E-01,,
98,1.56E+01,2.00E-01,,
99,1.58E+01,2.00E-01,,
100,1.54E+01,-2.00E-01,,
101,1.56E+01,2.00E-01,,
102,1.56E+01,2.00E-01,,
103,1.58E+01,2.00E-01,,
104,1.54E+01,-2.00E-01,,
105,1.58E+01,2.00E-01,,
106,1.56E+01,2.00E-01,,
107,1.58E+01,2.00E-01,,
108,1.54E+01,2.00E-01,,
109,1.56E+01,2.00E-01,,
110,1.56E+01,2.00E-01,,
111,1.58E+01,2.00E-01,,
112,1.54E+01,-2.00E-01,,
113,1.58E+01,2.00E-01,,
114,1.56E+01,2.00E-01,,
115,1.58E+01,2.00E-01,,
116,1.56E+01,2.00E-01,,
117,1.56E+01,2.00E-01,,
118,1.56E+01,2.00E-01,,
119,1.56E+01,2.00E-01,,
120,1.54E+01,2.00E-01,,
121,1.56E+01,2.00E-01,,
122,1.56E+01,2.00E-01,,
123,1.58E+01,2.00E-01,,
124,1.54E+01,-2.00E-01,,
125,1.56E+01,2.00E-01,,
126,1.56E+01,2.00E-01,,
127,1.58E+01,2.00E-01,,
128,1.54E+01,-2.00E-01,,
129,1.56E+01,2.00E-01,,
130,1.56E+01,2.00E-01,,
131,1.56E+01,2.00E-01,,
132,1.54E+01,2.00E-01,,
133,1.56E+01,2.00E-01,,
134,1.56E+01,2.00E-01,,
135,1.58E+01,2.00E-01,,
136,1.56E+01,2.00E-01,,
137,1.56E+01,2.00E-01,,
138,1.56E+01,2.00E-01,,
139,1.58E+01,2.00E-01,,
140,1.54E+01,-2.00E-01,,
141,1.58E+01,2.00E-01,,
142,1.56E+01,2.00E-01,,
143,1.58E+01,2.00E-01,,
144,1.54E+01,2.00E-01,,
145,1.58E+01,2.00E-01,,
146,1.56E+01,2.00E-01,,
147,1.58E+01,2.00E-01,,
148,1.54E+01,-2.00E-01,,
149,1.56E+01,2.00E-01,,
150,1.56E+01,2.00E-01,,
151,1.58E+01,2.00E-01,,
152,1.54E+01,-2.00E-01,,
153,1.56E+01,2.00E-01,,
154,1.56E+01,2.00E-01,,
155,1.58E+01,2.00E-01,,
156,1.54E+01,-2.00E-01,,
157,1.56E+01,2.00E-01,,
158,1.56E+01,2.00E-01,,
159,1.58E+01,-2.00E-01,,
160,1.56E+01,2.00E-01,,
161,1.58E+01,2.00E-01,,
162,1.56E+01,2.00E-01,,
163,1.58E+01,2.00E-01,,
164,1.54E+01,2.00E-01,,
165,1.58E+01,2.00E-01,,
166,1.56E+01,2.00E-01,,
167,1.58E+01,2.00E-01,,
168,1.54E+01,2.00E-01,,
169,1.58E+01,2.00E-01,,
170,1.56E+01,2.00E-01,,
171,1.58E+01,2.00E-01,,
172,1.54E+01,-2.00E-01,,
173,1.56E+01,2.00E-01,,
174,1.56E+01,2.00E-01,,
175,1.58E+01,2.00E-01,,
176,1.54E+01,2.00E-01,,
177,1.56E+01,2.00E-01,,
178,1.56E+01,2.00E-01,,
179,1.56E+01,2.00E-01,,
180,1.56E+01,-2.00E-01,,
181,1.56E+01,2.00E-01,,
182,1.56E+01,2.00E-01,,
183,1.56E+01,2.00E-01,,
184,1.54E+01,2.00E-01,,
185,1.56E+01,2.00E-01,,
186,1.56E+01,2.00E-01,,
187,1.58E+01,2.00E-01,,
188,1.56E+01,-2.00E-01,,
189,1.56E+01,2.00E-01,,
190,1.56E+01,2.00E-01,,
191,1.58E+01,2.00E-01,,
192,1.54E+01,2.00E-01,,
193,1.58E+01,2.00E-01,,
194,1.56E+01,2.00E-01,,
195,1.56E+01,2.00E-01,,
196,1.56E+01,-2.00E-01,,
197,1.56E+01,4.00E-01,,
198,1.56E+01,2.00E-01,,
199,1.58E+01,-2.00E-01,,
200,1.54E+01,2.00E-01,,
201,1.58E+01,-2.00E-01,,
202,1.56E+01,2.00E-01,,
203,1.56E+01,2.00E-01,,
204,1.54E+01,-2.00E-01,,
205,1.56E+01,2.00E-01,,
206,1.56E+01,2.00E-01,,
207,1.58E+01,2.00E-01,,
208,1.54E+01,-2.00E-01,,
209,1.58E+01,2.00E-01,,
210,1.56E+01,2.00E-01,,
211,1.58E+01,2.00E-01,,
212,1.56E+01,-2.00E-01,,
213,1.56E+01,2.00E-01,,
214,1.56E+01,2.00E-01,,
215,1.58E+01,-2.00E-01,,
216,1.54E+01,2.00E-01,,
217,1.58E+01,2.00E-01,,
218,1.56E+01,2.00E-01,,
219,1.58E+01,2.00E-01,,
220,1.54E+01,-2.00E-01,,
221,1.56E+01,2.00E-01,,
222,1.56E+01,2.00E-01,,
223,1.58E+01,2.00E-01,,
224,1.54E+01,2.00E-01,,
225,1.56E+01,2.00E-01,,
226,1.56E+01,2.00E-01,,
227,1.56E+01,2.00E-01,,
228,1.54E+01,2.00E-01,,
229,1.56E+01,2.00E-01,,
230,1.56E+01,2.00E-01,,
231,1.58E+01,2.00E-01,,
232,1.54E+01,2.00E-01,,
233,1.58E+01,2.00E-01,,
234,1.56E+01,2.00E-01,,
235,1.58E+01,2.00E-01,,
236,1.54E+01,-2.00E-01,,
237,1.58E+01,2.00E-01,,
238,1.56E+01,2.00E-01,,
239,1.58E+01,2.00E-01,,
240,1.56E+01,-2.00E-01,,
241,1.56E+01,2.00E-01,,
242,1.56E+01,2.00E-01,,
243,1.56E+01,2.00E-01,,
244,1.54E+01,2.00E-01,,
245,1.58E+01,2.00E-01,,
246,1.56E+01,2.00E-01,,
247,1.58E+01,2.00E-01,,
248,1.54E+01,2.00E-01,,
249,1.58E+01,2.00E-01,,
250,1.56E+01,2.00E-01,,
251,1.58E+01,2.00E-01,,
252,1.54E+01,-2.00E-01,,
253,1.56E+01,2.00E-01,,
254,1.56E+01,2.00E-01,,
255,1.58E+01,2.00E-01,,
256,1.54E+01,2.00E-01,,
257,1.56E+01,2.00E-01,,
258,1.56E+01,2.00E-01,,
259,1.58E+01,2.00E-01,,
260,1.56E+01,-2.00E-01,,
261,1.58E+01,2.00E-01,,
262,1.56E+01,2.00E-01,,
263,1.56E+01,2.00E-01,,
264,1.54E+01,2.00E-01,,
265,1.58E+01,2.00E-01,,
266,1.56E+01,2.00E-01,,
267,1.58E+01,2.00E-01,,
268,1.56E+01,2.00E-01,,
269,1.56E+01,2.00E-01,,
270,1.56E+01,2.00E-01,,
271,1.56E+01,-2.00E-01,,
272,1.54E+01,2.00E-01,,
273,1.58E+01,2.00E-01,,
274,1.56E+01,2.00E-01,,
275,1.58E+01,2.00E-01,,
276,1.54E+01,2.00E-01,,
277,1.56E+01,2.00E-01,,
278,1.56E+01,2.00E-01,,
279,1.58E+01,2.00E-01,,
280,1.54E+01,2.00E-01,,
281,1.56E+01,2.00E-01,,
282,1.56E+01,2.00E-01,,
283,1.58E+01,2.00E-01,,
284,1.54E+01,2.00E-01,,
285,1.58E+01,2.00E-01,,
286,1.56E+01,2.00E-01,,
287,1.58E+01,2.00E-01,,
288,1.54E+01,2.00E-01,,
289,1.56E+01,2.00E-01,,
290,1.56E+01,2.00E-01,,
291,1.56E+01,2.00E-01,,
292,1.54E+01,2.00E-01,,
293,1.56E+01,2.00E-01,,
294,1.56E+01,2.00E-01,,
295,1.56E+01,-2.00E-01,,
296,1.54E+01,2.00E-01,,
297,1.58E+01,2.00E-01,,
298,1.56E+01,2.00E-01,,
299,1.58E+01,2.00E-01,,
300,1.54E+01,-2.00E-01,,
301,1.56E+01,2.00E-01,,
302,1.56E+01,2.00E-01,,
303,1.58E+01,2.00E-01,,
304,1.54E+01,-2.00E-01,,
305,1.58E+01,2.00E-01,,
306,1.56E+01,2.00E-01,,
307,1.58E+01,2.00E-01,,
308,1.56E+01,-2.00E-01,,
309,1.56E+01,2.00E-01,,
310,1.56E+01,2.00E-01,,
311,1.56E+01,-2.00E-01,,
312,1.54E+01,2.00E-01,,
313,1.56E+01,2.00E-01,,
314,1.56E+01,2.00E-01,,
315,1.56E+01,2.00E-01,,
316,1.56E+01,2.00E-01,,
317,1.58E+01,2.00E-01,,
318,1.58E+01,2.00E-01,,
319,1.58E+01,2.00E-01,,
320,1.56E+01,-2.00E-01,,
321,1.56E+01,2.00E-01,,
322,1.56E+01,2.00E-01,,
323,1.58E+01,2.00E-01,,
324,1.56E+01,-2.00E-01,,
325,1.58E+01,2.00E-01,,
326,1.56E+01,2.00E-01,,
327,1.56E+01,2.00E-01,,
328,1.54E+01,2.00E-01,,
329,1.56E+01,2.00E-01,,
330,1.56E+01,2.00E-01,,
331,1.58E+01,2.00E-01,,
332,1.54E+01,2.00E-01,,
333,1.58E+01,2.00E-01,,
334,1.56E+01,2.00E-01,,
335,1.58E+01,2.00E-01,,
336,1.54E+01,2.00E-01,,
337,1.56E+01,2.00E-01,,
338,1.56E+01,2.00E-01,,
339,1.58E+01,2.00E-01,,
340,1.56E+01,2.00E-01,,
341,1.58E+01,2.00E-01,,
342,1.56E+01,2.00E-01,,
343,1.58E+01,2.00E-01,,
344,1.54E+01,2.00E-01,,
345,1.58E+01,2.00E-01,,
346,1.56E+01,2.00E-01,,
347,1.56E+01,2.00E-01,,
348,1.54E+01,2.00E-01,,
349,1.56E+01,2.00E-01,,
350,1.56E+01,2.00E-01,,
351,1.58E+01,2.00E-01,,
352,1.56E+01,2.00E-01,,
353,1.56E+01,2.00E-01,,
354,1.56E+01,2.00E-01,,
355,1.58E+01,2.00E-01,,
356,1.56E+01,2.00E-01,,
357,1.56E+01,2.00E-01,,
358,1.56E+01,2.00E-01,,
359,1.58E+01,2.00E-01,,
360,1.56E+01,2.00E-01,,
361,1.56E+01,2.00E-01,,
362,1.56E+01,2.00E-01,,
363,1.58E+01,2.00E-01,,
364,1.54E+01,2.00E-01,,
365,1.58E+01,2.00E-01,,
366,1.56E+01,2.00E-01,,
367,1.58E+01,2.00E-01,,
368,1.54E+01,2.00E-01,,
369,1.58E+01,2.00E-01,,
370,1.56E+01,2.00E-01,,
371,1.58E+01,2.00E-01,,
372,1.56E+01,-2.00E-01,,
373,1.56E+01,2.00E-01,,
374,1.56E+01,2.00E-01,,
375,1.58E+01,2.00E-01,,
376,1.54E+01,2.00E-01,,
377,1.58E+01,2.00E-01,,
378,1.56E+01,2.00E-01,,
379,1.58E+01,2.00E-01,,
380,1.56E+01,-2.00E-01,,
381,1.56E+01,2.00E-01,,
382,1.56E+01,2.00E-01,,
383,1.58E+01,-2.00E-01,,
384,1.56E+01,2.00E-01,,
385,1.58E+01,2.00E-01,,
386,1.56E+01,2.00E-01,,
387,1.58E+01,2.00E-01,,
388,1.56E+01,-2.00E-01,,
389,1.56E+01,2.00E-01,,
390,1.56E+01,2.00E-01,,
391,1.58E+01,2.00E-01,,
392,1.54E+01,2.00E-01,,
393,1.56E+01,2.00E-01,,
394,1.56E+01,2.00E-01,,
395,1.58E+01,2.00E-01,,
396,1.56E+01,-2.00E-01,,
397,1.56E+01,2.00E-01,,
398,1.56E+01,2.00E-01,,
399,1.58E+01,-2.00E-01,,
400,1.54E+01,2.00E-01,,
401,1.58E+01,-2.00E-01,,
402,1.56E+01,2.00E-01,,
403,1.58E+01,2.00E-01,,
404,1.56E+01,-2.00E-01,,
405,1.56E+01,2.00E-01,,
406,1.56E+01,2.00E-01,,
407,1.56E+01,2.00E-01,,
408,1.54E+01,-2.00E-01,,
409,1.58E+01,2.00E-01,,
410,1.56E+01,2.00E-01,,
411,1.58E+01,2.00E-01,,
412,1.54E+01,-2.00E-01,,
413,1.56E+01,2.00E-01,,
414,1.56E+01,2.00E-01,,
415,1.56E+01,-2.00E-01,,
416,1.54E+01,2.00E-01,,
417,1.56E+01,2.00E-01,,
418,1.56E+01,2.00E-01,,
419,1.56E+01,2.00E-01,,
420,1.54E+01,-2.00E-01,,
421,1.58E+01,2.00E-01,,
422,1.56E+01,2.00E-01,,
423,1.58E+01,2.00E-01,,
424,1.54E+01,2.00E-01,,
425,1.56E+01,2.00E-01,,
426,1.56E+01,2.00E-01,,
427,1.58E+01,2.00E-01,,
428,1.54E+01,-2.00E-01,,
429,1.56E+01,2.00E-01,,
430,1.56E+01,-2.00E-01,,
431,1.58E+01,2.00E-01,,
432,1.56E+01,-2.00E-01,,
433,1.58E+01,2.00E-01,,
434,1.56E+01,2.00E-01,,
435,1.58E+01,2.00E-01,,
436,1.56E+01,-2.00E-01,,
437,1.56E+01,2.00E-01,,
438,1.56E+01,2.00E-01,,
439,1.58E+01,-2.00E-01,,
440,1.54E+01,-2.00E-01,,
441,1.58E+01,2.00E-01,,
442,1.56E+01,2.00E-01,,
443,1.58E+01,2.00E-01,,
444,1.54E+01,-2.00E-01,,
445,1.58E+01,2.00E-01,,
446,1.56E+01,2.00E-01,,
447,1.58E+01,2.00E-01,,
448,1.54E+01,2.00E-01,,
449,1.58E+01,2.00E-01,,
450,1.56E+01,2.00E-01,,
451,1.58E+01,2.00E-01,,
452,1.56E+01,-2.00E-01,,
453,1.56E+01,2.00E-01,,
454,1.56E+01,2.00E-01,,
455,1.58E+01,-2.00E-01,,
456,1.54E+01,2.00E-01,,
457,1.56E+01,2.00E-01,,
458,1.56E+01,2.00E-01,,
459,1.58E+01,2.00E-01,,
460,1.54E+01,-2.00E-01,,
461,1.56E+01,-2.00E-01,,
462,1.56E+01,2.00E-01,,
463,1.58E+01,-2.00E-01,,
464,1.54E+01,2.00E-01,,
465,1.58E+01,2.00E-01,,
466,1.56E+01,2.00E-01,,
467,1.58E+01,2.00E-01,,
468,1.54E+01,-2.00E-01,,
469,1.56E+01,2.00E-01,,
470,1.56E+01,2.00E-01,,
471,1.58E+01,2.00E-01,,
472,1.54E+01,2.00E-01,,
473,1.58E+01,2.00E-01,,
474,1.56E+01,2.00E-01,,
475,1.58E+01,2.00E-01,,
476,1.56E+01,2.00E-01,,
477,1.56E+01,2.00E-01,,
478,1.56E+01,2.00E-01,,
479,1.56E+01,2.00E-01,,
480,1.54E+01,2.00E-01,,
481,1.58E+01,2.00E-01,,
482,1.56E+01,2.00E-01,,
483,1.56E+01,2.00E-01,,
484,1.56E+01,2.00E-01,,
485,1.58E+01,2.00E-01,,
486,1.56E+01,2.00E-01,,
487,1.58E+01,2.00E-01,,
488,1.56E+01,2.00E-01,,
489,1.58E+01,2.00E-01,,
490,1.56E+01,2.00E-01,,
491,1.58E+01,2.00E-01,,
492,1.54E+01,-2.00E-01,,
493,1.56E+01,2.00E-01,,
494,1.56E+01,-2.00E-01,,
495,1.58E+01,2.00E-01,,
496,1.54E+01,2.00E-01,,
497,1.56E+01,2.00E-01,,
498,1.56E+01,2.00E-01,,
499,1.58E+01,2.00E-01,,
500,1.54E+01,2.00E-01,,
501,1.58E+01,2.00E-01,,
502,1.56E+01,2.00E-01,,
503,1.58E+01,2.00E-01,,
504,1.54E+01,2.00E-01,,
505,1.56E+01,2.00E-01,,
506,1.56E+01,2.00E-01,,
507,1.58E+01,2.00E-01,,
508,1.54E+01,-2.00E-01,,
509,1.56E+01,2.00E-01,,
510,1.56E+01,2.00E-01,,
511,1.56E+01,2.00E-01,,
512,1.54E+01,2.00E-01,,
513,1.58E+01,2.00E-01,,
514,1.56E+01,2.00E-01,,
515,1.58E+01,2.00E-01,,
516,1.54E+01,-2.00E-01,,
517,1.56E+01,2.00E-01,,
518,1.56E+01,2.00E-01,,
519,1.58E+01,2.00E-01,,
520,1.54E+01,2.00E-01,,
521,1.58E+01,2.00E-01,,
522,1.56E+01,2.00E-01,,
523,1.56E+01,2.00E-01,,
524,1.56E+01,-2.00E-01,,
525,1.58E+01,2.00E-01,,
526,1.56E+01,2.00E-01,,
527,1.58E+01,2.00E-01,,
528,1.54E+01,2.00E-01,,
529,1.56E+01,2.00E-01,,
530,1.56E+01,2.00E-01,,
531,1.58E+01,2.00E-01,,
532,1.54E+01,-2.00E-01,,
533,1.56E+01,2.00E-01,,
534,1.56E+01,2.00E-01,,
535,1.58E+01,2.00E-01,,
536,1.54E+01,2.00E-01,,
537,1.56E+01,-2.00E-01,,
538,1.56E+01,2.00E-01,,
539,1.58E+01,2.00E-01,,
540,1.56E+01,-2.00E-01,,
541,1.58E+01,2.00E-01,,
542,1.56E+01,2.00E-01,,
543,1.58E+01,2.00E-01,,
544,1.54E+01,2.00E-01,,
545,1.58E+01,2.00E-01,,
546,1.56E+01,2.00E-01,,
547,1.58E+01,2.00E-01,,
548,1.56E+01,-2.00E-01,,
549,1.56E+01,2.00E-01,,
550,1.56E+01,2.00E-01,,
551,1.58E+01,2.00E-01,,
552,1.54E+01,2.00E-01,,
553,1.56E+01,2.00E-01,,
554,1.56E+01,2.00E-01,,
555,1.58E+01,2.00E-01,,
556,1.54E+01,-2.00E-01,,
557,1.58E+01,2.00E-01,,
558,1.56E+01,-2.00E-01,,
559,1.58E+01,2.00E-01,,
560,1.54E+01,2.00E-01,,
561,1.58E+01,2.00E-01,,
562,1.56E+01,2.00E-01,,
563,1.56E+01,2.00E-01,,
564,1.56E+01,2.00E-01,,
565,1.56E+01,2.00E-01,,
566,1.56E+01,2.00E-01,,
567,1.56E+01,2.00E-01,,
568,1.54E+01,2.00E-01,,
569,1.56E+01,2.00E-01,,
570,1.56E+01,2.00E-01,,
571,1.58E+01,2.00E-01,,
572,1.54E+01,-2.00E-01,,
573,1.56E+01,2.00E-01,,
574,1.56E+01,2.00E-01,,
575,1.58E+01,-2.00E-01,,
576,1.54E+01,2.00E-01,,
577,1.56E+01,2.00E-01,,
578,1.56E+01,2.00E-01,,
579,1.58E+01,2.00E-01,,
580,1.56E+01,-2.00E-01,,
581,1.56E+01,2.00E-01,,
582,1.56E+01,2.00E-01,,
583,1.58E+01,2.00E-01,,
584,1.54E+01,2.00E-01,,
585,1.56E+01,2.00E-01,,
586,1.56E+01,2.00E-01,,
587,1.58E+01,2.00E-01,,
588,1.54E+01,-2.00E-01,,
589,1.56E+01,2.00E-01,,
590,1.56E+01,2.00E-01,,
591,1.56E+01,2.00E-01,,
592,1.54E+01,2.00E-01,,
593,1.58E+01,2.00E-01,,
594,1.56E+01,2.00E-01,,
595,1.58E+01,2.00E-01,,
596,1.56E+01,-2.00E-01,,
597,1.56E+01,2.00E-01,,
598,1.56E+01,2.00E-01,,
599,1.58E+01,-2.00E-01,,
600,1.54E+01,2.00E-01,,
601,1.58E+01,-2.00E-01,,
602,1.56E+01,2.00E-01,,
603,1.58E+01,2.00E-01,,
604,1.56E+01,-2.00E-01,,
605,1.56E+01,2.00E-01,,
606,1.56E+01,2.00E-01,,
607,1.58E+01,2.00E-01,,
608,1.56E+01,2.00E-01,,
609,1.58E+01,2.00E-01,,
610,1.56E+01,2.00E-01,,
611,1.58E+01,2.00E-01,,
612,1.54E+01,2.00E-01,,
613,1.58E+01,2.00E-01,,
614,1.56E+01,2.00E-01,,
615,1.58E+01,2.00E-01,,
616,1.54E+01,2.00E-01,,
617,1.56E+01,2.00E-01,,
618,1.56E+01,2.00E-01,,
619,1.58E+01,2.00E-01,,
620,1.56E+01,-2.00E-01,,
621,1.56E+01,2.00E-01,,
622,1.56E+01,2.00E-01,,
623,1.58E+01,2.00E-01,,
624,1.54E+01,2.00E-01,,
625,1.58E+01,2.00E-01,,
626,1.56E+01,2.00E-01,,
627,1.58E+01,2.00E-01,,
628,1.54E+01,-2.00E-01,,
629,1.56E+01,2.00E-01,,
630,1.56E+01,2.00E-01,,
631,1.58E+01,2.00E-01,,
632,1.54E+01,2.00E-01,,
633,1.58E+01,2.00E-01,,
634,1.56E+01,-2.00E-01,,
635,1.58E+01,2.00E-01,,
636,1.54E+01,-2.00E-01,,
637,1.58E+01,2.00E-01,,
638,1.56E+01,2.00E-01,,
639,1.56E+01,2.00E-01,,
640,1.54E+01,2.00E-01,,
641,1.56E+01,2.00E-01,,
642,1.56E+01,2.00E-01,,
643,1.58E+01,2.00E-01,,
644,1.54E+01,2.00E-01,,
645,1.58E+01,2.00E-01,,
646,1.56E+01,2.00E-01,,
647,1.56E+01,2.00E-01,,
648,1.54E+01,2.00E-01,,
649,1.56E+01,2.00E-01,,
650,1.56E+01,2.00E-01,,
651,1.58E+01,2.00E-01,,
652,1.56E+01,-2.00E-01,,
653,1.56E+01,2.00E-01,,
654,1.56E+01,2.00E-01,,
655,1.58E+01,2.00E-01,,
656,1.54E+01,2.00E-01,,
657,1.58E+01,2.00E-01,,
658,1.56E+01,2.00E-01,,
659,1.58E+01,2.00E-01,,
660,1.56E+01,-2.00E-01,,
661,1.56E+01,2.00E-01,,
662,1.56E+01,2.00E-01,,
663,1.58E+01,2.00E-01,,
664,1.54E+01,2.00E-01,,
665,1.56E+01,2.00E-01,,
666,1.56E+01,2.00E-01,,
667,1.58E+01,2.00E-01,,
668,1.56E+01,-2.00E-01,,
669,1.56E+01,2.00E-01,,
670,1.56E+01,2.00E-01,,
671,1.58E+01,2.00E-01,,
672,1.54E+01,2.00E-01,,
673,1.56E+01,2.00E-01,,
674,1.56E+01,2.00E-01,,
675,1.58E+01,2.00E-01,,
676,1.54E+01,2.00E-01,,
677,1.58E+01,2.00E-01,,
678,1.56E+01,2.00E-01,,
679,1.58E+01,2.00E-01,,
680,1.54E+01,2.00E-01,,
681,1.56E+01,2.00E-01,,
682,1.56E+01,2.00E-01,,
683,1.58E+01,2.00E-01,,
684,1.54E+01,2.00E-01,,
685,1.58E+01,2.00E-01,,
686,1.56E+01,2.00E-01,,
687,1.58E+01,2.00E-01,,
688,1.54E+01,2.00E-01,,
689,1.56E+01,2.00E-01,,
690,1.56E+01,2.00E-01,,
691,1.58E+01,2.00E-01,,
692,1.56E+01,2.00E-01,,
693,1.56E+01,2.00E-01,,
694,1.56E+01,2.00E-01,,
695,1.58E+01,2.00E-01,,
696,1.56E+01,2.00E-01,,
697,1.56E+01,2.00E-01,,
698,1.56E+01,2.00E-01,,
699,1.58E+01,2.00E-01,,
700,1.54E+01,-2.00E-01,,
701,1.58E+01,2.00E-01,,
702,1.56E+01,2.00E-01,,
703,1.58E+01,2.00E-01,,
704,1.54E+01,2.00E-01,,
705,1.58E+01,2.00E-01,,
706,1.56E+01,2.00E-01,,
707,1.58E+01,2.00E-01,,
708,1.56E+01,-2.00E-01,,
709,1.56E+01,2.00E-01,,
710,1.56E+01,2.00E-01,,
711,1.58E+01,2.00E-01,,
712,1.54E+01,2.00E-01,,
713,1.56E+01,2.00E-01,,
714,1.56E+01,2.00E-01,,
715,1.58E+01,2.00E-01,,
716,1.54E+01,2.00E-01,,
717,1.56E+01,2.00E-01,,
718,1.56E+01,2.00E-01,,
719,1.56E+01,2.00E-01,,
720,1.54E+01,2.00E-01,,
721,1.56E+01,2.00E-01,,
722,1.56E+01,2.00E-01,,
723,1.58E+01,2.00E-01,,
724,1.54E+01,2.00E-01,,
725,1.58E+01,2.00E-01,,
726,1.56E+01,2.00E-01,,
727,1.56E+01,-2.00E-01,,
728,1.54E+01,2.00E-01,,
729,1.56E+01,2.00E-01,,
730,1.56E+01,2.00E-01,,
731,1.56E+01,2.00E-01,,
732,1.56E+01,-2.00E-01,,
733,1.56E+01,2.00E-01,,
734,1.56E+01,2.00E-01,,
735,1.58E+01,2.00E-01,,
736,1.56E+01,2.00E-01,,
737,1.58E+01,2.00E-01,,
738,1.56E+01,2.00E-01,,
739,1.58E+01,2.00E-01,,
740,1.56E+01,-2.00E-01,,
741,1.58E+01,2.00E-01,,
742,1.56E+01,2.00E-01,,
743,1.56E+01,2.00E-01,,
744,1.56E+01,2.00E-01,,
745,1.58E+01,2.00E-01,,
746,1.56E+01,2.00E-01,,
747,1.58E+01,2.00E-01,,
748,1.54E+01,-2.00E-01,,
749,1.56E+01,2.00E-01,,
750,1.56E+01,2.00E-01,,
751,1.58E+01,2.00E-01,,
752,1.54E+01,2.00E-01,,
753,1.56E+01,2.00E-01,,
754,1.56E+01,2.00E-01,,
755,1.56E+01,2.00E-01,,
756,1.54E+01,-2.00E-01,,
757,1.56E+01,2.00E-01,,
758,1.56E+01,2.00E-01,,
759,1.56E+01,2.00E-01,,
760,1.54E+01,2.00E-01,,
761,1.58E+01,2.00E-01,,
762,1.56E+01,2.00E-01,,
763,1.58E+01,2.00E-01,,
764,1.54E+01,-2.00E-01,,
765,1.58E+01,2.00E-01,,
766,1.56E+01,2.00E-01,,
767,1.56E+01,-2.00E-01,,
768,1.56E+01,2.00E-01,,
769,1.58E+01,2.00E-01,,
770,1.56E+01,2.00E-01,,
771,1.58E+01,2.00E-01,,
772,1.54E+01,-2.00E-01,,
773,1.58E+01,2.00E-01,,
774,1.56E+01,2.00E-01,,
775,1.58E+01,2.00E-01,,
776,1.54E+01,2.00E-01,,
777,1.56E+01,2.00E-01,,
778,1.56E+01,-2.00E-01,,
779,1.56E+01,2.00E-01,,
780,1.54E+01,2.00E-01,,
781,1.56E+01,2.00E-01,,
782,1.56E+01,2.00E-01,,
783,1.58E+01,2.00E-01,,
784,1.54E+01,2.00E-01,,
785,1.56E+01,2.00E-01,,
786,1.56E+01,2.00E-01,,
787,1.56E+01,2.00E-01,,
788,1.54E+01,-2.00E-01,,
789,1.56E+01,2.00E-01,,
790,1.56E+01,2.00E-01,,
791,1.58E+01,2.00E-01,,
792,1.54E+01,2.00E-01,,
793,1.56E+01,2.00E-01,,
794,1.56E+01,2.00E-01,,
795,1.56E+01,2.00E-01,,
796,1.56E+01,-2.00E-01,,
797,1.56E+01,2.00E-01,,
798,1.56E+01,2.00E-01,,
799,1.58E+01,-2.00E-01,,
800,1.54E+01,2.00E-01,,
801,1.58E+01,-2.00E-01,,
802,1.56E+01,2.00E-01,,
803,1.58E+01,2.00E-01,,
804,1.56E+01,-2.00E-01,,
805,1.56E+01,2.00E-01,,
806,1.56E+01,2.00E-01,,
807,1.56E+01,2.00E-01,,
808,1.56E+01,2.00E-01,,
809,1.56E+01,2.00E-01,,
810,1.56E+01,2.00E-01,,
811,1.56E+01,2.00E-01,,
812,1.54E+01,-2.00E-01,,
813,1.56E+01,2.00E-01,,
814,1.56E+01,2.00E-01,,
815,1.58E+01,-2.00E-01,,
816,1.54E+01,2.00E-01,,
817,1.56E+01,2.00E-01,,
818,1.56E+01,2.00E-01,,
819,1.58E+01,2.00E-01,,
820,1.56E+01,-2.00E-01,,
821,1.56E+01,2.00E-01,,
822,1.56E+01,2.00E-01,,
823,1.58E+01,2.00E-01,,
824,1.54E+01,2.00E-01,,
825,1.58E+01,2.00E-01,,
826,1.56E+01,2.00E-01,,
827,1.58E+01,2.00E-01,,
828,1.54E+01,-2.00E-01,,
829,1.56E+01,2.00E-01,,
830,1.56E+01,2.00E-01,,
831,1.58E+01,2.00E-01,,
832,1.54E+01,2.00E-01,,
833,1.58E+01,2.00E-01,,
834,1.56E+01,2.00E-01,,
835,1.58E+01,2.00E-01,,
836,1.54E+01,-2.00E-01,,
837,1.56E+01,2.00E-01,,
838,1.56E+01,2.00E-01,,
839,1.58E+01,2.00E-01,,
840,1.54E+01,2.00E-01,,
841,1.58E+01,2.00E-01,,
842,1.56E+01,2.00E-01,,
843,1.58E+01,2.00E-01,,
844,1.54E+01,2.00E-01,,
845,1.56E+01,2.00E-01,,
846,1.56E+01,2.00E-01,,
847,1.58E+01,2.00E-01,,
848,1.54E+01,2.00E-01,,
849,1.56E+01,2.00E-01,,
850,1.56E+01,2.00E-01,,
851,1.58E+01,2.00E-01,,
852,1.54E+01,-2.00E-01,,
853,1.56E+01,2.00E-01,,
854,1.56E+01,2.00E-01,,
855,1.58E+01,-2.00E-01,,
856,1.54E+01,2.00E-01,,
857,1.56E+01,2.00E-01,,
858,1.56E+01,2.00E-01,,
859,1.58E+01,2.00E-01,,
860,1.56E+01,-2.00E-01,,
861,1.56E+01,2.00E-01,,
862,1.56E+01,2.00E-01,,
863,1.58E+01,-2.00E-01,,
864,1.54E+01,2.00E-01,,
865,1.58E+01,2.00E-01,,
866,1.56E+01,2.00E-01,,
867,1.58E+01,2.00E-01,,
868,1.54E+01,-2.00E-01,,
869,1.56E+01,2.00E-01,,
870,1.56E+01,2.00E-01,,
871,1.58E+01,2.00E-01,,
872,1.54E+01,-2.00E-01,,
873,1.56E+01,-2.00E-01,,
874,1.56E+01,2.00E-01,,
875,1.58E+01,-2.00E-01,,
876,1.54E+01,-2.00E-01,,
877,1.58E+01,2.00E-01,,
878,1.56E+01,2.00E-01,,
879,1.58E+01,-2.00E-01,,
880,1.56E+01,2.00E-01,,
881,1.58E+01,2.00E-01,,
882,1.56E+01,2.00E-01,,
883,1.58E+01,2.00E-01,,
884,1.54E+01,-2.00E-01,,
885,1.56E+01,2.00E-01,,
886,1.56E+01,2.00E-01,,
887,1.56E+01,-2.00E-01,,
888,1.54E+01,2.00E-01,,
889,1.58E+01,2.00E-01,,
890,1.56E+01,-2.00E-01,,
891,1.58E+01,2.00E-01,,
892,1.56E+01,2.00E-01,,
893,1.58E+01,2.00E-01,,
894,1.56E+01,2.00E-01,,
895,1.58E+01,-2.00E-01,,
896,1.54E+01,2.00E-01,,
897,1.56E+01,2.00E-01,,
898,1.56E+01,2.00E-01,,
899,1.58E+01,2.00E-01,,
900,1.54E+01,2.00E-01,,
901,1.56E+01,2.00E-01,,
902,1.56E+01,2.00E-01,,
903,1.58E+01,2.00E-01,,
904,1.54E+01,2.00E-01,,
905,1.58E+01,2.00E-01,,
906,1.56E+01,2.00E-01,,
907,1.58E+01,2.00E-01,,
908,1.54E+01,2.00E-01,,
909,1.58E+01,2.00E-01,,
910,1.58E+01,2.00E-01,,
911,1.58E+01,2.00E-01,,
912,1.56E+01,2.00E-01,,
913,1.58E+01,2.00E-01,,
914,1.56E+01,-2.00E-01,,
915,1.58E+01,2.00E-01,,
916,1.54E+01,2.00E-01,,
917,1.56E+01,2.00E-01,,
918,1.56E+01,2.00E-01,,
919,1.56E+01,2.00E-01,,
920,1.54E+01,2.00E-01,,
921,1.56E+01,2.00E-01,,
922,1.56E+01,2.00E-01,,
923,1.58E+01,2.00E-01,,
924,1.54E+01,2.00E-01,,
925,1.56E+01,2.00E-01,,
926,1.56E+01,2.00E-01,,
927,1.56E+01,2.00E-01,,
928,1.54E+01,2.00E-01,,
929,1.56E+01,2.00E-01,,
930,1.56E+01,2.00E-01,,
931,1.58E+01,2.00E-01,,
932,1.54E+01,-2.00E-01,,
933,1.56E+01,2.00E-01,,
934,1.56E+01,2.00E-01,,
935,1.58E+01,2.00E-01,,
936,1.54E+01,2.00E-01,,
937,1.56E+01,2.00E-01,,
938,1.56E+01,2.00E-01,,
939,1.58E+01,2.00E-01,,
940,1.54E+01,-2.00E-01,,
941,1.58E+01,2.00E-01,,
942,1.56E+01,2.00E-01,,
943,1.58E+01,2.00E-01,,
944,1.56E+01,2.00E-01,,
945,1.56E+01,2.00E-01,,
946,1.56E+01,2.00E-01,,
947,1.58E+01,2.00E-01,,
948,1.56E+01,-2.00E-01,,
949,1.56E+01,2.00E-01,,
950,1.56E+01,2.00E-01,,
951,1.56E+01,-2.00E-01,,
952,1.54E+01,2.00E-01,,
953,1.58E+01,2.00E-01,,
954,1.56E+01,-2.00E-01,,
955,1.58E+01,2.00E-01,,
956,1.54E+01,-2.00E-01,,
957,1.56E+01,2.00E-01,,
958,1.56E+01,2.00E-01,,
959,1.58E+01,2.00E-01,,
960,1.56E+01,2.00E-01,,
961,1.56E+01,2.00E-01,,
962,1.56E+01,2.00E-01,,
963,1.58E+01,2.00E-01,,
964,1.56E+01,-2.00E-01,,
965,1.58E+01,2.00E-01,,
966,1.56E+01,2.00E-01,,
967,1.58E+01,2.00E-01,,
968,1.54E+01,2.00E-01,,
969,1.56E+01,2.00E-01,,
970,1.56E+01,2.00E-01,,
971,1.58E+01,2.00E-01,,
972,1.56E+01,-2.00E-01,,
973,1.58E+01,2.00E-01,,
974,1.56E+01,-2.00E-01,,
975,1.58E+01,2.00E-01,,
976,1.54E+01,-2.00E-01,,
977,1.56E+01,2.00E-01,,
978,1.56E+01,2.00E-01,,
979,1.58E+01,2.00E-01,,
980,1.56E+01,-2.00E-01,,
981,1.56E+01,2.00E-01,,
982,1.56E+01,2.00E-01,,
983,1.58E+01,2.00E-01,,
984,1.54E+01,2.00E-01,,
985,1.58E+01,2.00E-01,,
986,1.56E+01,2.00E-01,,
987,1.58E+01,2.00E-01,,
988,1.56E+01,-2.00E-01,,
989,1.56E+01,2.00E-01,,
990,1.56E+01,2.00E-01,,
991,1.58E+01,2.00E-01,,
992,1.54E+01,2.00E-01,,
993,1.58E+01,2.00E-01,,
994,1.56E+01,2.00E-01,,
995,1.58E+01,2.00E-01,,
996,1.56E+01,-2.00E-01,,
997,1.56E+01,2.00E-01,,
998,1.56E+01,2.00E-01,,
999,1.58E+01,2.00E-01,,
1000,1.54E+01,2.00E-01,,
1001,1.58E+01,2.00E-01,,
1002,1.56E+01,2.00E-01,,
1003,1.58E+01,2.00E-01,,
1004,1.56E+01,2.00E-01,,
1005,1.56E+01,2.00E-01,,
1006,1.56E+01,2.00E-01,,
1007,1.56E+01,2.00E-01,,
1008,1.56E+01,-2.00E-01,,
1009,1.58E+01,2.00E-01,,
1010,1.56E+01,2.00E-01,,
1011,1.58E+01,2.00E-01,,
1012,1.54E+01,-2.00E-01,,
1013,1.56E+01,2.00E-01,,
1014,1.56E+01,2.00E-01,,
1015,1.58E+01,2.00E-01,,
1016,1.54E+01,2.00E-01,,
1017,1.56E+01,2.00E-01,,
1018,1.56E+01,2.00E-01,,
1019,1.58E+01,2.00E-01,,
1020,1.56E+01,-2.00E-01,,
1021,1.56E+01,2.00E-01,,
1022,1.56E+01,2.00E-01,,
1023,1.58E+01,2.00E-01,,
1024,1.54E+01,2.00E-01,,
1025,1.56E+01,2.00E-01,,
1026,1.56E+01,2.00E-01,,
1027,1.58E+01,2.00E-01,,
1028,1.56E+01,-2.00E-01,,
1029,1.56E+01,2.00E-01,,
1030,1.56E+01,2.00E-01,,
1031,1.58E+01,2.00E-01,,
1032,1.54E+01,2.00E-01,,
1033,1.56E+01,2.00E-01,,
1034,1.56E+01,2.00E-01,,
1035,1.58E+01,2.00E-01,,
1036,1.56E+01,2.00E-01,,
1037,1.58E+01,2.00E-01,,
1038,1.56E+01,2.00E-01,,
1039,1.58E+01,-2.00E-01,,
1040,1.54E+01,2.00E-01,,
1041,1.56E+01,2.00E-01,,
1042,1.56E+01,-2.00E-01,,
1043,1.58E+01,2.00E-01,,
1044,1.54E+01,-2.00E-01,,
1045,1.56E+01,2.00E-01,,
1046,1.56E+01,2.00E-01,,
1047,1.58E+01,2.00E-01,,
1048,1.54E+01,2.00E-01,,
1049,1.56E+01,2.00E-01,,
1050,1.56E+01,2.00E-01,,
1051,1.58E+01,2.00E-01,,
1052,1.56E+01,-2.00E-01,,
1053,1.58E+01,2.00E-01,,
1054,1.56E+01,2.00E-01,,
1055,1.56E+01,2.00E-01,,
1056,1.54E+01,2.00E-01,,
1057,1.58E+01,2.00E-01,,
1058,1.56E+01,2.00E-01,,
1059,1.58E+01,2.00E-01,,
1060,1.56E+01,-2.00E-01,,
1061,1.56E+01,2.00E-01,,
1062,1.56E+01,2.00E-01,,
1063,1.58E+01,2.00E-01,,
1064,1.54E+01,2.00E-01,,
1065,1.56E+01,-2.00E-01,,
1066,1.56E+01,2.00E-01,,
1067,1.58E+01,2.00E-01,,
1068,1.54E+01,-2.00E-01,,
1069,1.56E+01,2.00E-01,,
1070,1.56E+01,2.00E-01,,
1071,1.56E+01,2.00E-01,,
1072,1.54E+01,2.00E-01,,
1073,1.58E+01,2.00E-01,,
1074,1.56E+01,2.00E-01,,
1075,1.58E+01,2.00E-01,,
1076,1.54E+01,2.00E-01,,
1077,1.56E+01,2.00E-01,,
1078,1.56E+01,2.00E-01,,
1079,1.56E+01,2.00E-01,,
1080,1.54E+01,-2.00E-01,,
1081,1.58E+01,2.00E-01,,
1082,1.56E+01,2.00E-01,,
1083,1.58E+01,2.00E-01,,
1084,1.54E+01,2.00E-01,,
1085,1.58E+01,2.00E-01,,
1086,1.56E+01,2.00E-01,,
1087,1.56E+01,-2.00E-01,,
1088,1.54E+01,-2.00E-01,,
1089,1.58E+01,2.00E-01,,
1090,1.56E+01,2.00E-01,,
1091,1.58E+01,2.00E-01,,
1092,1.54E+01,-2.00E-01,,
1093,1.56E+01,2.00E-01,,
1094,1.56E+01,2.00E-01,,
1095,1.58E+01,2.00E-01,,
1096,1.56E+01,-2.00E-01,,
1097,1.56E+01,2.00E-01,,
1098,1.56E+01,2.00E-01,,
1099,1.56E+01,2.00E-01,,
1100,1.56E+01,-2.00E-01,,
1101,1.56E+01,2.00E-01,,
1102,1.56E+01,2.00E-01,,
1103,1.58E+01,-2.00E-01,,
1104,1.56E+01,2.00E-01,,
1105,1.56E+01,2.00E-01,,
1106,1.56E+01,2.00E-01,,
1107,1.58E+01,2.00E-01,,
1108,1.56E+01,-2.00E-01,,
1109,1.58E+01,2.00E-01,,
1110,1.56E+01,2.00E-01,,
1111,1.58E+01,-2.00E-01,,
1112,1.54E+01,-2.00E-01,,
1113,1.58E+01,2.00E-01,,
1114,1.56E+01,2.00E-01,,
1115,1.58E+01,2.00E-01,,
1116,1.54E+01,-2.00E-01,,
1117,1.56E+01,2.00E-01,,
1118,1.56E+01,2.00E-01,,
1119,1.58E+01,2.00E-01,,
1120,1.54E+01,2.00E-01,,
1121,1.58E+01,2.00E-01,,
1122,1.56E+01,2.00E-01,,
1123,1.58E+01,2.00E-01,,
1124,1.54E+01,-2.00E-01,,
1125,1.56E+01,2.00E-01,,
1126,1.56E+01,2.00E-01,,
1127,1.56E+01,2.00E-01,,
1128,1.54E+01,2.00E-01,,
1129,1.56E+01,2.00E-01,,
1130,1.56E+01,-2.00E-01,,
1131,1.58E+01,2.00E-01,,
1132,1.54E+01,-2.00E-01,,
1133,1.58E+01,2.00E-01,,
1134,1.56E+01,2.00E-01,,
1135,1.58E+01,2.00E-01,,
1136,1.54E+01,2.00E-01,,
1137,1.56E+01,2.00E-01,,
1138,1.56E+01,2.00E-01,,
1139,1.56E+01,2.00E-01,,
1140,1.54E+01,-2.00E-01,,
1141,1.56E+01,2.00E-01,,
1142,1.56E+01,2.00E-01,,
1143,1.58E+01,2.00E-01,,
1144,1.54E+01,2.00E-01,,
1145,1.58E+01,2.00E-01,,
1146,1.56E+01,2.00E-01,,
1147,1.58E+01,2.00E-01,,
1148,1.56E+01,-2.00E-01,,
1149,1.56E+01,2.00E-01,,
1150,1.56E+01,-2.00E-01,,
1151,1.58E+01,2.00E-01,,
1152,1.54E+01,-2.00E-01,,
1153,1.56E+01,2.00E-01,,
1154,1.56E+01,2.00E-01,,
1155,1.58E+01,-2.00E-01,,
1156,1.56E+01,-2.00E-01,,
1157,1.58E+01,2.00E-01,,
1158,1.58E+01,2.00E-01,,
1159,1.58E+01,2.00E-01,,
1160,1.54E+01,2.00E-01,,
1161,1.58E+01,2.00E-01,,
1162,1.56E+01,2.00E-01,,
1163,1.58E+01,2.00E-01,,
1164,1.54E+01,-2.00E-01,,
1165,1.56E+01,2.00E-01,,
1166,1.56E+01,2.00E-01,,
1167,1.56E+01,2.00E-01,,
1168,1.54E+01,-2.00E-01,,
1169,1.56E+01,2.00E-01,,
1170,1.56E+01,2.00E-01,,
1171,1.58E+01,2.00E-01,,
1172,1.56E+01,-2.00E-01,,
1173,1.56E+01,2.00E-01,,
1174,1.56E+01,2.00E-01,,
1175,1.58E+01,2.00E-01,,
1176,1.54E+01,-2.00E-01,,
1177,1.56E+01,2.00E-01,,
1178,1.56E+01,-2.00E-01,,
1179,1.58E+01,2.00E-01,,
1180,1.56E+01,-2.00E-01,,
1181,1.56E+01,2.00E-01,,
1182,1.56E+01,2.00E-01,,
1183,1.56E+01,2.00E-01,,
1184,1.54E+01,2.00E-01,,
1185,1.58E+01,2.00E-01,,
1186,1.56E+01,2.00E-01,,
1187,1.56E+01,2.00E-01,,
1188,1.54E+01,-2.00E-01,,
1189,1.56E+01,2.00E-01,,
1190,1.56E+01,2.00E-01,,
1191,1.58E+01,2.00E-01,,
1192,1.54E+01,2.00E-01,,
1193,1.56E+01,2.00E-01,,
1194,1.56E+01,2.00E-01,,
1195,1.56E+01,2.00E-01,,
1196,1.56E+01,-2.00E-01,,
1197,1.56E+01,2.00E-01,,
1198,1.56E+01,2.00E-01,,
1199,1.58E+01,-2.00E-01,,
1200,1.54E+01,2.00E-01,,
1201,1.58E+01,-2.00E-01,,
1202,1.56E+01,2.00E-01,,
1203,1.58E+01,2.00E-01,,
1204,1.56E+01,-2.00E-01,,
1205,1.58E+01,2.00E-01,,
1206,1.56E+01,-2.00E-01,,
1207,1.58E+01,2.00E-01,,
1208,1.54E+01,2.00E-01,,
1209,1.58E+01,2.00E-01,,
1210,1.56E+01,2.00E-01,,
1211,1.56E+01,2.00E-01,,
1212,1.56E+01,-2.00E-01,,
1213,1.58E+01,2.00E-01,,
1214,1.56E+01,2.00E-01,,
1215,1.58E+01,2.00E-01,,
1216,1.54E+01,-2.00E-01,,
1217,1.56E+01,2.00E-01,,
1218,1.56E+01,2.00E-01,,
1219,1.58E+01,2.00E-01,,
1220,1.54E+01,-2.00E-01,,
1221,1.56E+01,2.00E-01,,
1222,1.56E+01,2.00E-01,,
1223,1.58E+01,2.00E-01,,
1224,1.56E+01,2.00E-01,,
1225,1.58E+01,2.00E-01,,
1226,1.56E+01,2.00E-01,,
1227,1.58E+01,2.00E-01,,
1228,1.56E+01,-2.00E-01,,
1229,1.56E+01,2.00E-01,,
1230,1.56E+01,2.00E-01,,
1231,1.58E+01,2.00E-01,,
1232,1.56E+01,2.00E-01,,
1233,1.58E+01,2.00E-01,,
1234,1.56E+01,2.00E-01,,
1235,1.58E+01,2.00E-01,,
1236,1.54E+01,-2.00E-01,,
1237,1.58E+01,2.00E-01,,
1238,1.56E+01,2.00E-01,,
1239,1.56E+01,2.00E-01,,
1240,1.54E+01,-2.00E-01,,
1241,1.58E+01,2.00E-01,,
1242,1.56E+01,2.00E-01,,
1243,1.58E+01,2.00E-01,,
1244,1.54E+01,2.00E-01,,
1245,1.58E+01,2.00E-01,,
1246,1.56E+01,2.00E-01,,
1247,1.58E+01,2.00E-01,,
1248,1.54E+01,2.00E-01,,
1249,1.56E+01,2.00E-01,,
1250,1.56E+01,2.00E-01,,
1251,1.58E+01,2.00E-01,,
1252,1.56E+01,-2.00E-01,,
1253,1.56E+01,2.00E-01,,
1254,1.56E+01,-2.00E-01,,
1255,1.56E+01,-2.00E-01,,
1256,1.54E+01,2.00E-01,,
1257,1.58E+01,2.00E-01,,
1258,1.56E+01,2.00E-01,,
1259,1.58E+01,2.00E-01,,
1260,1.54E+01,-2.00E-01,,
1261,1.56E+01,2.00E-01,,
1262,1.56E+01,2.00E-01,,
1263,1.58E+01,2.00E-01,,
1264,1.54E+01,2.00E-01,,
1265,1.56E+01,2.00E-01,,
1266,1.56E+01,2.00E-01,,
1267,1.58E+01,2.00E-01,,
1268,1.54E+01,-2.00E-01,,
1269,1.56E+01,2.00E-01,,
1270,1.56E+01,2.00E-01,,
1271,1.58E+01,2.00E-01,,
1272,1.54E+01,2.00E-01,,
1273,1.58E+01,2.00E-01,,
1274,1.56E+01,-2.00E-01,,
1275,1.58E+01,2.00E-01,,
1276,1.54E+01,-2.00E-01,,
1277,1.56E+01,2.00E-01,,
1278,1.56E+01,2.00E-01,,
1279,1.56E+01,2.00E-01,,
1280,1.54E+01,2.00E-01,,
1281,1.56E+01,2.00E-01,,
1282,1.56E+01,2.00E-01,,
1283,1.58E+01,2.00E-01,,
1284,1.54E+01,2.00E-01,,
1285,1.58E+01,2.00E-01,,
1286,1.56E+01,2.00E-01,,
1287,1.56E+01,-2.00E-01,,
1288,1.56E+01,2.00E-01,,
1289,1.58E+01,2.00E-01,,
1290,1.56E+01,2.00E-01,,
1291,1.58E+01,2.00E-01,,
1292,1.54E+01,-2.00E-01,,
1293,1.56E+01,2.00E-01,,
1294,1.56E+01,2.00E-01,,
1295,1.58E+01,2.00E-01,,
1296,1.54E+01,2.00E-01,,
1297,1.58E+01,2.00E-01,,
1298,1.56E+01,2.00E-01,,
1299,1.58E+01,2.00E-01,,
1300,1.56E+01,2.00E-01,,
1301,1.56E+01,2.00E-01,,
1302,1.56E+01,2.00E-01,,
1303,1.58E+01,2.00E-01,,
1304,1.56E+01,2.00E-01,,
1305,1.58E+01,2.00E-01,,
1306,1.56E+01,2.00E-01,,
1307,1.58E+01,2.00E-01,,
1308,1.54E+01,2.00E-01,,
1309,1.56E+01,2.00E-01,,
1310,1.56E+01,2.00E-01,,
1311,1.58E+01,2.00E-01,,
1312,1.54E+01,2.00E-01,,
1313,1.56E+01,2.00E-01,,
1314,1.56E+01,-2.00E-01,,
1315,1.58E+01,2.00E-01,,
1316,1.54E+01,-2.00E-01,,
1317,1.56E+01,2.00E-01,,
1318,1.56E+01,2.00E-01,,
1319,1.58E+01,2.00E-01,,
1320,1.56E+01,2.00E-01,,
1321,1.56E+01,2.00E-01,,
1322,1.56E+01,2.00E-01,,
1323,1.58E+01,2.00E-01,,
1324,1.56E+01,-2.00E-01,,
1325,1.56E+01,2.00E-01,,
1326,1.56E+01,2.00E-01,,
1327,1.58E+01,2.00E-01,,
1328,1.54E+01,-2.00E-01,,
1329,1.58E+01,2.00E-01,,
1330,1.56E+01,2.00E-01,,
1331,1.58E+01,2.00E-01,,
1332,1.54E+01,-2.00E-01,,
1333,1.56E+01,2.00E-01,,
1334,1.56E+01,2.00E-01,,
1335,1.58E+01,2.00E-01,,
1336,1.54E+01,2.00E-01,,
1337,1.58E+01,2.00E-01,,
1338,1.56E+01,2.00E-01,,
1339,1.58E+01,2.00E-01,,
1340,1.56E+01,-2.00E-01,,
1341,1.56E+01,2.00E-01,,
1342,1.56E+01,2.00E-01,,
1343,1.58E+01,2.00E-01,,
1344,1.54E+01,2.00E-01,,
1345,1.56E+01,-2.00E-01,,
1346,1.56E+01,2.00E-01,,
1347,1.58E+01,2.00E-01,,
1348,1.56E+01,2.00E-01,,
1349,1.56E+01,2.00E-01,,
1350,1.56E+01,2.00E-01,,
1351,1.58E+01,2.00E-01,,
1352,1.54E+01,2.00E-01,,
1353,1.58E+01,2.00E-01,,
1354,1.56E+01,2.00E-01,,
1355,1.58E+01,2.00E-01,,
1356,1.54E+01,-2.00E-01,,
1357,1.58E+01,2.00E-01,,
1358,1.56E+01,2.00E-01,,
1359,1.56E+01,2.00E-01,,
1360,1.54E+01,2.00E-01,,
1361,1.56E+01,2.00E-01,,
1362,1.56E+01,2.00E-01,,
1363,1.58E+01,2.00E-01,,
1364,1.54E+01,-2.00E-01,,
1365,1.58E+01,2.00E-01,,
1366,1.56E+01,2.00E-01,,
1367,1.58E+01,2.00E-01,,
1368,1.56E+01,2.00E-01,,
1369,1.58E+01,2.00E-01,,
1370,1.56E+01,2.00E-01,,
1371,1.58E+01,2.00E-01,,
1372,1.54E+01,-2.00E-01,,
1373,1.56E+01,2.00E-01,,
1374,1.56E+01,2.00E-01,,
1375,1.56E+01,-2.00E-01,,
1376,1.54E+01,2.00E-01,,
1377,1.56E+01,2.00E-01,,
1378,1.56E+01,2.00E-01,,
1379,1.58E+01,2.00E-01,,
1380,1.56E+01,-2.00E-01,,
1381,1.56E+01,2.00E-01,,
1382,1.56E+01,2.00E-01,,
1383,1.58E+01,2.00E-01,,
1384,1.54E+01,2.00E-01,,
1385,1.58E+01,2.00E-01,,
1386,1.56E+01,2.00E-01,,
1387,1.56E+01,2.00E-01,,
1388,1.54E+01,-2.00E-01,,
1389,1.58E+01,2.00E-01,,
1390,1.56E+01,-2.00E-01,,
1391,1.58E+01,2.00E-01,,
1392,1.54E+01,2.00E-01,,
1393,1.56E+01,2.00E-01,,
1394,1.56E+01,-2.00E-01,,
1395,1.56E+01,2.00E-01,,
1396,1.56E+01,-2.00E-01,,
1397,1.56E+01,2.00E-01,,
1398,1.56E+01,2.00E-01,,
1399,1.58E+01,2.00E-01,,
1400,1.54E+01,2.00E-01,,
1401,1.58E+01,-2.00E-01,,
1402,1.56E+01,2.00E-01,,
1403,1.58E+01,2.00E-01,,
1404,1.56E+01,-2.00E-01,,
1405,1.56E+01,2.00E-01,,
1406,1.56E+01,2.00E-01,,
1407,1.58E+01,-2.00E-01,,
1408,1.54E+01,2.00E-01,,
1409,1.58E+01,2.00E-01,,
1410,1.56E+01,2.00E-01,,
1411,1.58E+01,2.00E-01,,
1412,1.56E+01,-2.00E-01,,
1413,1.56E+01,2.00E-01,,
1414,1.56E+01,2.00E-01,,
1415,1.56E+01,2.00E-01,,
1416,1.56E+01,2.00E-01,,
1417,1.58E+01,2.00E-01,,
1418,1.56E+01,2.00E-01,,
1419,1.58E+01,2.00E-01,,
1420,1.56E+01,-2.00E-01,,
1421,1.56E+01,2.00E-01,,
1422,1.56E+01,2.00E-01,,
1423,1.58E+01,2.00E-01,,
1424,1.54E+01,2.00E-01,,
1425,1.58E+01,2.00E-01,,
1426,1.56E+01,2.00E-01,,
1427,1.58E+01,2.00E-01,,
1428,1.54E+01,2.00E-01,,
1429,1.56E+01,2.00E-01,,
1430,1.56E+01,2.00E-01,,
1431,1.58E+01,2.00E-01,,
1432,1.56E+01,2.00E-01,,
1433,1.58E+01,2.00E-01,,
1434,1.56E+01,2.00E-01,,
1435,1.58E+01,2.00E-01,,
1436,1.54E+01,-2.00E-01,,
1437,1.56E+01,2.00E-01,,
1438,1.56E+01,2.00E-01,,
1439,1.56E+01,2.00E-01,,
1440,1.54E+01,2.00E-01,,
1441,1.58E+01,2.00E-01,,
1442,1.56E+01,2.00E-01,,
1443,1.56E+01,2.00E-01,,
1444,1.56E+01,-2.00E-01,,
1445,1.58E+01,2.00E-01,,
1446,1.56E+01,2.00E-01,,
1447,1.58E+01,-2.00E-01,,
1448,1.54E+01,2.00E-01,,
1449,1.56E+01,2.00E-01,,
1450,1.56E+01,2.00E-01,,
1451,1.58E+01,2.00E-01,,
1452,1.56E+01,-2.00E-01,,
1453,1.56E+01,2.00E-01,,
1454,1.56E+01,2.00E-01,,
1455,1.58E+01,2.00E-01,,
1456,1.54E+01,2.00E-01,,
1457,1.58E+01,2.00E-01,,
1458,1.56E+01,2.00E-01,,
1459,1.56E+01,2.00E-01,,
1460,1.56E+01,-2.00E-01,,
1461,1.56E+01,2.00E-01,,
1462,1.56E+01,2.00E-01,,
1463,1.58E+01,-2.00E-01,,
1464,1.54E+01,2.00E-01,,
1465,1.58E+01,2.00E-01,,
1466,1.56E+01,2.00E-01,,
1467,1.56E+01,2.00E-01,,
1468,1.54E+01,-2.00E-01,,
1469,1.56E+01,2.00E-01,,
1470,1.56E+01,2.00E-01,,
1471,1.58E+01,-2.00E-01,,
1472,1.54E+01,2.00E-01,,
1473,1.56E+01,-2.00E-01,,
1474,1.56E+01,2.00E-01,,
1475,1.58E+01,2.00E-01,,
1476,1.54E+01,-2.00E-01,,
1477,1.56E+01,2.00E-01,,
1478,1.56E+01,2.00E-01,,
1479,1.56E+01,2.00E-01,,
1480,1.54E+01,-2.00E-01,,
1481,1.58E+01,2.00E-01,,
1482,1.56E+01,2.00E-01,,
1483,1.58E+01,2.00E-01,,
1484,1.54E+01,2.00E-01,,
1485,1.58E+01,2.00E-01,,
1486,1.56E+01,2.00E-01,,
1487,1.56E+01,-2.00E-01,,
1488,1.54E+01,-2.00E-01,,
1489,1.56E+01,2.00E-01,,
1490,1.56E+01,-2.00E-01,,
1491,1.58E+01,2.00E-01,,
1492,1.56E+01,-2.00E-01,,
1493,1.56E+01,2.00E-01,,
1494,1.56E+01,2.00E-01,,
1495,1.58E+01,2.00E-01,,
1496,1.54E+01,-2.00E-01,,
1497,1.56E+01,2.00E-01,,
1498,1.56E+01,2.00E-01,,
1499,1.58E+01,2.00E-01,,
1500,1.56E+01,2.00E-01,,
1501,1.56E+01,2.00E-01,,
1502,1.56E+01,2.00E-01,,
1503,1.58E+01,2.00E-01,,
1504,1.54E+01,2.00E-01,,
1505,1.56E+01,2.00E-01,,
1506,1.56E+01,-2.00E-01,,
1507,1.58E+01,2.00E-01,,
1508,1.56E+01,2.00E-01,,
1509,1.56E+01,2.00E-01,,
1510,1.56E+01,2.00E-01,,
1511,1.58E+01,2.00E-01,,
1512,1.54E+01,2.00E-01,,
1513,1.58E+01,2.00E-01,,
1514,1.56E+01,2.00E-01,,
1515,1.58E+01,2.00E-01,,
1516,1.54E+01,-2.00E-01,,
1517,1.56E+01,2.00E-01,,
1518,1.56E+01,2.00E-01,,
1519,1.56E+01,2.00E-01,,
1520,1.56E+01,-2.00E-01,,
1521,1.56E+01,2.00E-01,,
1522,1.56E+01,2.00E-01,,
1523,1.58E+01,2.00E-01,,
1524,1.56E+01,2.00E-01,,
1525,1.56E+01,-2.00E-01,,
1526,1.56E+01,2.00E-01,,
1527,1.54E+01,2.00E-01,,
1528,1.36E+01,-2.00E-01,,
1529,1.22E+01,-2.00E-01,,
1530,1.20E+01,-2.00E-01,,
1531,1.28E+01,2.00E-01,,
1532,1.32E+01,2.00E-01,,
1533,1.34E+01,2.00E-01,,
1534,1.36E+01,-4.00E-01,,
1535,1.32E+01,-4.00E-01,,
1536,1.20E+01,-2.00E-01,,
1537,1.18E+01,2.00E-01,,
1538,1.16E+01,4.00E-01,,
1539,1.18E+01,4.00E-01,,
1540,1.18E+01,2.00E-01,,
1541,1.16E+01,2.00E-01,,
1542,1.14E+01,2.00E-01,,
1543,1.08E+01,-2.00E-01,,
1544,1.00E+01,-2.00E-01,,
1545,1.02E+01,2.00E-01,,
1546,1.00E+01,2.00E-01,,
1547,1.00E+01,2.00E-01,,
1548,9.60E+00,2.00E-01,,
1549,9.40E+00,2.00E-01,,
1550,9.20E+00,2.00E-01,,
1551,9.00E+00,-2.00E-01,,
1552,8.60E+00,2.00E-01,,
1553,8.80E+00,2.00E-01,,
1554,8.60E+00,2.00E-01,,
1555,8.20E+00,2.00E-01,,
1556,7.80E+00,-2.00E-01,,
1557,7.80E+00,2.00E-01,,
1558,7.60E+00,2.00E-01,,
1559,7.40E+00,-2.00E-01,,
1560,7.20E+00,-2.00E-01,,
1561,7.20E+00,2.00E-01,,
1562,7.00E+00,2.00E-01,,
1563,7.00E+00,2.00E-01,,
1564,6.40E+00,2.00E-01,,
1565,6.60E+00,2.00E-01,,
1566,6.40E+00,2.00E-01,,
1567,6.40E+00,2.00E-01,,
1568,5.80E+00,2.00E-01,,
1569,6.20E+00,2.00E-01,,
1570,5.80E+00,2.00E-01,,
1571,5.60E+00,2.00E-01,,
1572,5.40E+00,-2.00E-01,,
1573,5.40E+00,2.00E-01,,
1574,5.20E+00,2.00E-01,,
1575,5.20E+00,-2.00E-01,,
1576,4.80E+00,2.00E-01,,
1577,4.80E+00,2.00E-01,,
1578,4.80E+00,-2.00E-01,,
1579,4.80E+00,2.00E-01,,
1580,4.40E+00,-2.00E-01,,
1581,4.60E+00,2.00E-01,,
1582,4.40E+00,2.00E-01,,
1583,4.40E+00,2.00E-01,,
1584,4.00E+00,2.00E-01,,
1585,4.20E+00,2.00E-01,,
1586,4.00E+00,2.00E-01,,
1587,4.00E+00,2.00E-01,,
1588,3.60E+00,-2.00E-01,,
1589,3.60E+00,2.00E-01,,
1590,3.40E+00,2.00E-01,,
1591,3.40E+00,2.00E-01,,
1592,3.00E+00,2.00E-01,,
1593,3.40E+00,2.00E-01,,
1594,3.20E+00,2.00E-01,,
1595,3.20E+00,2.00E-01,,
1596,2.80E+00,-2.00E-01,,
1597,3.00E+00,2.00E-01,,
1598,2.80E+00,2.00E-01,,
1599,2.80E+00,-2.00E-01,,
1600,2.40E+00,2.00E-01,,
1601,2.60E+00,-2.00E-01,,
1602,2.60E+00,2.00E-01,,
1603,2.60E+00,2.00E-01,,
1604,2.40E+00,-2.00E-01,,
1605,2.40E+00,2.00E-01,,
1606,2.40E+00,2.00E-01,,
1607,2.40E+00,-2.00E-01,,
1608,2.00E+00,-2.00E-01,,
1609,2.20E+00,2.00E-01,,
1610,2.20E+00,2.00E-01,,
1611,2.20E+00,2.00E-01,,
1612,1.80E+00,-2.00E-01,,
1613,2.00E+00,2.00E-01,,
1614,2.00E+00,-2.00E-01,,
1615,2.00E+00,-2.00E-01,,
1616,1.60E+00,2.00E-01,,
1617,1.80E+00,2.00E-01,,
1618,1.80E+00,2.00E-01,,
1619,1.80E+00,2.00E-01,,
1620,1.60E+00,-2.00E-01,,
1621,1.60E+00,2.00E-01,,
1622,1.60E+00,2.00E-01,,
1623,1.60E+00,-2.00E-01,,
1624,1.20E+00,-2.00E-01,,
1625,1.60E+00,2.00E-01,,
1626,1.20E+00,2.00E-01,,
1627,1.60E+00,-2.00E-01,,
1628,1.00E+00,-2.00E-01,,
1629,1.20E+00,2.00E-01,,
1630,1.20E+00,2.00E-01,,
1631,1.20E+00,1.00E+00,,
1632,1.00E+00,1.80E+00,,
1633,1.20E+00,2.40E+00,,
1634,1.00E+00,2.40E+00,,
1635,1.00E+00,2.40E+00,,
1636,8.00E-01,2.20E+00,,
1637,1.00E+00,2.00E+00,,
1638,1.20E+00,1.80E+00,,
1639,1.00E+00,2.00E+00,,
1640,6.00E-01,3.00E+00,,
1641,8.00E-01,3.40E+00,,
1642,8.00E-01,3.80E+00,,
1643,8.00E-01,4.00E+00,,
1644,6.00E-01,4.00E+00,,
1645,8.00E-01,4.00E+00,,
1646,8.00E-01,4.00E+00,,
1647,8.00E-01,4.20E+00,,
1648,6.00E-01,4.60E+00,,
1649,6.00E-01,5.00E+00,,
1650,8.00E-01,5.40E+00,,
1651,8.00E-01,5.60E+00,,
1652,6.00E-01,5.60E+00,,
1653,6.00E-01,5.60E+00,,
1654,6.00E-01,5.80E+00,,
1655,6.00E-01,5.80E+00,,
1656,4.00E-01,6.00E+00,,
1657,6.00E-01,6.40E+00,,
1658,6.00E-01,6.60E+00,,
1659,6.00E-01,6.80E+00,,
1660,4.00E-01,6.60E+00,,
1661,6.00E-01,6.80E+00,,
1662,6.00E-01,7.20E+00,,
1663,6.00E-01,7.20E+00,,
1664,4.00E-01,7.40E+00,,
1665,6.00E-01,7.60E+00,,
1666,4.00E-01,7.80E+00,,
1667,4.00E-01,7.80E+00,,
1668,4.00E-01,7.80E+00,,
1669,4.00E-01,8.20E+00,,
1670,4.00E-01,8.20E+00,,
1671,4.00E-01,8.40E+00,,
1672,2.00E-01,8.40E+00,,
1673,4.00E-01,8.60E+00,,
1674,4.00E-01,8.80E+00,,
1675,4.00E-01,8.80E+00,,
1676,2.00E-01,8.80E+00,,
1677,4.00E-01,9.00E+00,,
1678,4.00E-01,9.20E+00,,
1679,4.00E-01,9.20E+00,,
1680,2.00E-01,9.20E+00,,
1681,4.00E-01,9.40E+00,,
1682,4.00E-01,9.60E+00,,
1683,4.00E-01,9.60E+00,,
1684,2.00E-01,9.60E+00,,
1685,4.00E-01,9.80E+00,,
1686,2.00E-01,9.80E+00,,
1687,2.00E-01,9.80E+00,,
1688,-4.35E-05,9.80E+00,,
1689,4.00E-01,1.00E+01,,
1690,2.00E-01,1.02E+01,,
1691,2.00E-01,1.02E+01,,
1692,-4.35E-05,1.02E+01,,
1693,2.00E-01,1.04E+01,,
1694,2.00E-01,1.04E+01,,
1695,2.00E-01,1.04E+01,,
1696,-4.35E-05,1.04E+01,,
1697,2.00E-01,1.08E+01,,
1698,2.00E-01,1.10E+01,,
1699,2.00E-01,1.10E+01,,
1700,-4.35E-05,1.10E+01,,
1701,2.00E-01,1.12E+01,,
1702,2.00E-01,1.12E+01,,
1703,2.00E-01,1.10E+01,,
1704,-4.35E-05,1.12E+01,,
1705,2.00E-01,1.12E+01,,
1706,2.00E-01,1.14E+01,,
1707,2.00E-01,1.14E+01,,
1708,-4.35E-05,1.14E+01,,
1709,2.00E-01,1.16E+01,,
1710,2.00E-01,1.16E+01,,
1711,2.00E-01,1.16E+01,,
1712,-4.35E-05,1.16E+01,,
1713,2.00E-01,1.18E+01,,
1714,2.00E-01,1.18E+01,,
1715,2.00E-01,1.18E+01,,
1716,-4.35E-05,1.18E+01,,
1717,2.00E-01,1.20E+01,,
1718,2.00E-01,1.20E+01,,
1719,2.00E-01,1.18E+01,,
1720,-4.35E-05,1.20E+01,,
1721,2.00E-01,1.20E+01,,
1722,2.00E-01,1.22E+01,,
1723,2.00E-01,1.20E+01,,
1724,-4.35E-05,1.20E+01,,
1725,2.00E-01,1.22E+01,,
1726,-4.35E-05,1.22E+01,,
1727,2.00E-01,1.22E+01,,
1728,-4.35E-05,1.22E+01,,
1729,2.00E-01,1.24E+01,,
1730,-4.35E-05,1.24E+01,,
1731,2.00E-01,1.24E+01,,
1732,-2.00E-01,1.24E+01,,
1733,2.00E-01,1.26E+01,,
1734,-4.35E-05,1.26E+01,,
1735,-4.35E-05,1.24E+01,,
1736,-4.35E-05,1.24E+01,,
1737,-4.35E-05,1.26E+01,,
1738,-4.35E-05,1.26E+01,,
1739,-4.35E-05,1.26E+01,,
1740,-4.35E-05,1.26E+01,,
1741,-4.35E-05,1.28E+01,,
1742,2.00E-01,1.28E+01,,
1743,2.00E-01,1.28E+01,,
1744,-2.00E-01,1.28E+01,,
1745,-4.35E-05,1.28E+01,,
1746,-4.35E-05,1.30E+01,,
1747,2.00E-01,1.28E+01,,
1748,-2.00E-01,1.28E+01,,
1749,2.00E-01,1.30E+01,,
1750,-4.35E-05,1.30E+01,,
1751,2.00E-01,1.30E+01,,
1752,-2.00E-01,1.30E+01,,
1753,-4.35E-05,1.30E+01,,
1754,-4.35E-05,1.34E+01,,
1755,-4.35E-05,1.34E+01,,
1756,-2.00E-01,1.30E+01,,
1757,-4.35E-05,1.34E+01,,
1758,-4.35E-05,1.34E+01,,
1759,-4.35E-05,1.34E+01,,
1760,-2.00E-01,1.34E+01,,
1761,-4.35E-05,1.36E+01,,
1762,-4.35E-05,1.36E+01,,
1763,2.00E-01,1.36E+01,,
1764,-2.00E-01,1.34E+01,,
1765,-4.35E-05,1.36E+01,,
1766,2.00E-01,1.38E+01,,
1767,2.00E-01,1.36E+01,,
1768,-2.00E-01,1.36E+01,,
1769,-4.35E-05,1.38E+01,,
1770,-4.35E-05,1.38E+01,,
1771,-4.35E-05,1.36E+01,,
1772,-2.00E-01,1.38E+01,,
1773,-4.35E-05,1.38E+01,,
1774,-4.35E-05,1.40E+01,,
1775,-4.35E-05,1.38E+01,,
1776,-2.00E-01,1.38E+01,,
1777,-4.35E-05,1.40E+01,,
1778,-4.35E-05,1.40E+01,,
1779,2.00E-01,1.38E+01,,
1780,-2.00E-01,1.38E+01,,
1781,-4.35E-05,1.40E+01,,
1782,-4.35E-05,1.40E+01,,
1783,2.00E-01,1.40E+01,,
1784,-2.00E-01,1.40E+01,,
1785,-4.35E-05,1.40E+01,,
1786,-4.35E-05,1.42E+01,,
1787,2.00E-01,1.40E+01,,
1788,-4.35E-05,1.40E+01,,
1789,-4.35E-05,1.42E+01,,
1790,-4.35E-05,1.42E+01,,
1791,-4.35E-05,1.40E+01,,
1792,-4.35E-05,1.42E+01,,
1793,2.00E-01,1.42E+01,,
1794,-4.35E-05,1.42E+01,,
1795,-4.35E-05,1.42E+01,,
1796,-2.00E-01,1.42E+01,,
1797,-4.35E-05,1.44E+01,,
1798,2.00E-01,1.44E+01,,
1799,-4.35E-05,1.42E+01,,
1800,-2.00E-01,1.42E+01,,
1801,-4.35E-05,1.42E+01,,
1802,-4.35E-05,1.44E+01,,
1803,-4.35E-05,1.42E+01,,
1804,-2.00E-01,1.42E+01,,
1805,-4.35E-05,1.44E+01,,
1806,-4.35E-05,1.44E+01,,
1807,-4.35E-05,1.44E+01,,
1808,-2.00E-01,1.44E+01,,
1809,-4.35E-05,1.44E+01,,
1810,-4.35E-05,1.46E+01,,
1811,-4.35E-05,1.44E+01,,
1812,-4.35E-05,1.44E+01,,
1813,-4.35E-05,1.46E+01,,
1814,-4.35E-05,1.46E+01,,
1815,-4.35E-05,1.44E+01,,
1816,-2.00E-01,1.44E+01,,
1817,-4.35E-05,1.46E+01,,
1818,-4.35E-05,1.46E+01,,
1819,2.00E-01,1.46E+01,,
1820,-4.35E-05,1.44E+01,,
1821,-4.35E-05,1.46E+01,,
1822,-4.35E-05,1.48E+01,,
1823,-4.35E-05,1.44E+01,,
1824,-2.00E-01,1.46E+01,,
1825,-4.35E-05,1.46E+01,,
1826,-4.35E-05,1.48E+01,,
1827,2.00E-01,1.46E+01,,
1828,-2.00E-01,1.46E+01,,
1829,-4.35E-05,1.48E+01,,
1830,-4.35E-05,1.48E+01,,
1831,2.00E-01,1.46E+01,,
1832,-2.00E-01,1.46E+01,,
1833,-4.35E-05,1.48E+01,,
1834,-4.35E-05,1.48E+01,,
1835,-4.35E-05,1.46E+01,,
1836,-4.35E-05,1.46E+01,,
1837,-4.35E-05,1.48E+01,,
1838,-4.35E-05,1.48E+01,,
1839,-4.35E-05,1.48E+01,,
1840,-4.35E-05,1.46E+01,,
1841,2.00E-01,1.48E+01,,
1842,-4.35E-05,1.48E+01,,
1843,-4.35E-05,1.48E+01,,
1844,-2.00E-01,1.48E+01,,
1845,-4.35E-05,1.50E+01,,
1846,-4.35E-05,1.50E+01,,
1847,-4.35E-05,1.48E+01,,
1848,-2.00E-01,1.48E+01,,
1849,2.00E-01,1.48E+01,,
1850,-4.35E-05,1.50E+01,,
1851,2.00E-01,1.48E+01,,
1852,-4.35E-05,1.48E+01,,
1853,-4.35E-05,1.50E+01,,
1854,-4.35E-05,1.50E+01,,
1855,-4.35E-05,1.48E+01,,
1856,-2.00E-01,1.48E+01,,
1857,-4.35E-05,1.50E+01,,
1858,-4.35E-05,1.50E+01,,
1859,2.00E-01,1.50E+01,,
1860,-4.35E-05,1.50E+01,,
1861,-4.35E-05,1.50E+01,,
1862,-4.35E-05,1.50E+01,,
1863,-4.35E-05,1.50E+01,,
1864,-4.35E-05,1.48E+01,,
1865,2.00E-01,1.50E+01,,
1866,-4.35E-05,1.50E+01,,
1867,-4.35E-05,1.50E+01,,
1868,-2.00E-01,1.48E+01,,
1869,2.00E-01,1.50E+01,,
1870,2.00E-01,1.52E+01,,
1871,2.00E-01,1.50E+01,,
1872,-2.00E-01,1.50E+01,,
1873,-4.35E-05,1.50E+01,,
1874,-4.35E-05,1.52E+01,,
1875,-4.35E-05,1.50E+01,,
1876,-4.35E-05,1.50E+01,,
1877,-4.35E-05,1.50E+01,,
1878,-4.35E-05,1.52E+01,,
1879,-4.35E-05,1.50E+01,,
1880,-2.00E-01,1.50E+01,,
1881,2.00E-01,1.52E+01,,
1882,-4.35E-05,1.52E+01,,
1883,2.00E-01,1.50E+01,,
1884,-4.35E-05,1.50E+01,,
1885,-4.35E-05,1.52E+01,,
1886,-4.35E-05,1.52E+01,,
1887,-4.35E-05,1.50E+01,,
1888,-2.00E-01,1.50E+01,,
1889,2.00E-01,1.52E+01,,
1890,2.00E-01,1.52E+01,,
1891,-4.35E-05,1.52E+01,,
1892,-2.00E-01,1.50E+01,,
1893,-4.35E-05,1.52E+01,,
1894,2.00E-01,1.52E+01,,
1895,2.00E-01,1.50E+01,,
1896,-4.35E-05,1.52E+01,,
1897,-4.35E-05,1.52E+01,,
1898,-4.35E-05,1.52E+01,,
1899,2.00E-01,1.52E+01,,
1900,-4.35E-05,1.52E+01,,
1901,-4.35E-05,1.54E+01,,
1902,-4.35E-05,1.52E+01,,
1903,-4.35E-05,1.50E+01,,
1904,-2.00E-01,1.52E+01,,
1905,-4.35E-05,1.52E+01,,
1906,-4.35E-05,1.54E+01,,
1907,-4.35E-05,1.52E+01,,
1908,-4.35E-05,1.50E+01,,
1909,-4.35E-05,1.54E+01,,
1910,-4.35E-05,1.54E+01,,
1911,2.00E-01,1.52E+01,,
1912,-2.00E-01,1.52E+01,,
1913,-4.35E-05,1.52E+01,,
1914,2.00E-01,1.52E+01,,
1915,2.00E-01,1.52E+01,,
1916,-4.35E-05,1.52E+01,,
1917,-4.35E-05,1.54E+01,,
1918,-4.35E-05,1.54E+01,,
1919,2.00E-01,1.52E+01,,
1920,-2.00E-01,1.52E+01,,
1921,2.00E-01,1.52E+01,,
1922,-4.35E-05,1.54E+01,,
1923,2.00E-01,1.52E+01,,
1924,-4.35E-05,1.52E+01,,
1925,-4.35E-05,1.54E+01,,
1926,-4.35E-05,1.54E+01,,
1927,-4.35E-05,1.52E+01,,
1928,-4.35E-05,1.54E+01,,
1929,2.00E-01,1.54E+01,,
1930,-4.35E-05,1.54E+01,,
1931,2.00E-01,1.52E+01,,
1932,-2.00E-01,1.52E+01,,
1933,-4.35E-05,1.54E+01,,
1934,-4.35E-05,1.54E+01,,
1935,2.00E-01,1.52E+01,,
1936,-2.00E-01,1.52E+01,,
1937,2.00E-01,1.54E+01,,
1938,-4.35E-05,1.54E+01,,
1939,2.00E-01,1.52E+01,,
1940,-4.35E-05,1.52E+01,,
1941,-4.35E-05,1.54E+01,,
1942,-4.35E-05,1.54E+01,,
1943,2.00E-01,1.52E+01,,
1944,-2.00E-01,1.52E+01,,
1945,-4.35E-05,1.54E+01,,
1946,-4.35E-05,1.54E+01,,
1947,2.00E-01,1.54E+01,,
1948,-4.35E-05,1.52E+01,,
1949,-4.35E-05,1.54E+01,,
1950,2.00E-01,1.54E+01,,
1951,-4.35E-05,1.52E+01,,
1952,-2.00E-01,1.52E+01,,
1953,-4.35E-05,1.54E+01,,
1954,-4.35E-05,1.54E+01,,
1955,2.00E-01,1.54E+01,,
1956,-4.35E-05,1.52E+01,,
1957,-4.35E-05,1.54E+01,,
1958,2.00E-01,1.54E+01,,
1959,2.00E-01,1.52E+01,,
1960,-2.00E-01,1.54E+01,,
1961,2.00E-01,1.54E+01,,
1962,-4.35E-05,1.54E+01,,
1963,2.00E-01,1.54E+01,,
1964,-4.35E-05,1.54E+01,,
1965,-4.35E-05,1.56E+01,,
1966,-4.35E-05,1.54E+01,,
1967,2.00E-01,1.52E+01,,
1968,-4.35E-05,1.54E+01,,
1969,2.00E-01,1.54E+01,,
1970,-4.35E-05,1.54E+01,,
1971,-4.35E-05,1.54E+01,,
1972,-4.35E-05,1.54E+01,,
1973,2.00E-01,1.56E+01,,
1974,2.00E-01,1.54E+01,,
1975,2.00E-01,1.52E+01,,
1976,-2.00E-01,1.54E+01,,
1977,-4.35E-05,1.54E+01,,
1978,-4.35E-05,1.54E+01,,
1979,-4.35E-05,1.54E+01,,
1980,-4.35E-05,1.52E+01,,
1981,2.00E-01,1.54E+01,,
1982,2.00E-01,1.56E+01,,
1983,2.00E-01,1.54E+01,,
1984,-2.00E-01,1.54E+01,,
1985,-4.35E-05,1.54E+01,,
1986,2.00E-01,1.54E+01,,
1987,2.00E-01,1.54E+01,,
1988,-4.35E-05,1.52E+01,,
1989,-4.35E-05,1.56E+01,,
1990,2.00E-01,1.56E+01,,
1991,2.00E-01,1.52E+01,,
1992,-2.00E-01,1.54E+01,,
1993,2.00E-01,1.54E+01,,
1994,-4.35E-05,1.56E+01,,
1995,2.00E-01,1.54E+01,,
1996,-4.35E-05,1.54E+01,,
1997,-4.35E-05,1.56E+01,,
1998,2.00E-01,1.54E+01,,
1999,-4.35E-05,1.54E+01,,
2000,-4.35E-05,1.54E+01,,
2001,2.00E-01,1.54E+01,,
2002,-4.35E-05,1.56E+01,,
2003,2.00E-01,1.54E+01,,
2004,-2.00E-01,1.54E+01,,
2005,2.00E-01,1.56E+01,,
2006,-4.35E-05,1.56E+01,,
2007,2.00E-01,1.52E+01,,
2008,-4.35E-05,1.54E+01,,
2009,-4.35E-05,1.54E+01,,
2010,2.00E-01,1.56E+01,,
2011,2.00E-01,1.54E+01,,
2012,-4.35E-05,1.54E+01,,
2013,-4.35E-05,1.54E+01,,
2014,-4.35E-05,1.56E+01,,
2015,2.00E-01,1.54E+01,,
2016,-4.35E-05,1.54E+01,,
2017,2.00E-01,1.54E+01,,
2018,-4.35E-05,1.54E+01,,
2019,-4.35E-05,1.54E+01,,
2020,-4.35E-05,1.54E+01,,
2021,2.00E-01,1.56E+01,,
2022,2.00E-01,1.56E+01,,
2023,-4.35E-05,1.54E+01,,
2024,-2.00E-01,1.54E+01,,
2025,2.00E-01,1.56E+01,,
2026,2.00E-01,1.56E+01,,
2027,2.00E-01,1.54E+01,,
2028,-4.35E-05,1.54E+01,,
2029,2.00E-01,1.56E+01,,
2030,2.00E-01,1.56E+01,,
2031,-4.35E-05,1.54E+01,,
2032,-2.00E-01,1.54E+01,,
2033,-4.35E-05,1.54E+01,,
2034,-4.35E-05,1.56E+01,,
2035,-4.35E-05,1.54E+01,,
2036,-4.35E-05,1.54E+01,,
2037,-4.35E-05,1.56E+01,,
2038,-4.35E-05,1.56E+01,,
2039,-4.35E-05,1.54E+01,,
2040,-4.35E-05,1.54E+01,,
2041,-4.35E-05,1.56E+01,,
2042,2.00E-01,1.56E+01,,
2043,2.00E-01,1.54E+01,,
2044,-4.35E-05,1.54E+01,,
2045,-4.35E-05,1.56E+01,,
2046,-4.35E-05,1.56E+01,,
2047,-4.35E-05,1.54E+01,,
2048,-2.00E-01,1.54E+01,,
2049,2.00E-01,1.56E+01,,
2050,2.00E-01,1.54E+01,,
2051,2.00E-01,1.54E+01,,
2052,-4.35E-05,1.54E+01,,
2053,-4.35E-05,1.56E+01,,
2054,2.00E-01,1.56E+01,,
2055,2.00E-01,1.54E+01,,
2056,-4.35E-05,1.54E+01,,
2057,-4.35E-05,1.56E+01,,
2058,-4.35E-05,1.56E+01,,
2059,2.00E-01,1.54E+01,,
2060,-4.35E-05,1.54E+01,,
2061,-4.35E-05,1.56E+01,,
2062,2.00E-01,1.56E+01,,
2063,2.00E-01,1.54E+01,,
2064,-4.35E-05,1.54E+01,,
2065,2.00E-01,1.54E+01,,
2066,2.00E-01,1.56E+01,,
2067,-4.35E-05,1.54E+01,,
2068,-4.35E-05,1.54E+01,,
2069,2.00E-01,1.56E+01,,
2070,-4.35E-05,1.56E+01,,
2071,2.00E-01,1.54E+01,,
2072,-2.00E-01,1.54E+01,,
2073,2.00E-01,1.54E+01,,
2074,-4.35E-05,1.56E+01,,
2075,2.00E-01,1.54E+01,,
2076,-4.35E-05,1.54E+01,,
2077,-4.35E-05,1.56E+01,,
2078,-4.35E-05,1.56E+01,,
2079,2.00E-01,1.54E+01,,
2080,-4.35E-05,1.54E+01,,
2081,-4.35E-05,1.56E+01,,
2082,-4.35E-05,1.56E+01,,
2083,2.00E-01,1.54E+01,,
2084,-4.35E-05,1.54E+01,,
2085,2.00E-01,1.56E+01,,
2086,2.00E-01,1.56E+01,,
2087,2.00E-01,1.54E+01,,
2088,-2.00E-01,1.54E+01,,
2089,2.00E-01,1.56E+01,,
2090,2.00E-01,1.56E+01,,
2091,-4.35E-05,1.54E+01,,
2092,-2.00E-01,1.54E+01,,
2093,-4.35E-05,1.56E+01,,
2094,-4.35E-05,1.56E+01,,
2095,-4.35E-05,1.54E+01,,
2096,-2.00E-01,1.54E+01,,
2097,-4.35E-05,1.56E+01,,
2098,-4.35E-05,1.56E+01,,
2099,2.00E-01,1.54E+01,,
2100,-4.35E-05,1.54E+01,,
2101,-4.35E-05,1.56E+01,,
2102,-4.35E-05,1.56E+01,,
2103,-4.35E-05,1.54E+01,,
2104,-4.35E-05,1.54E+01,,
2105,-4.35E-05,1.56E+01,,
2106,-4.35E-05,1.56E+01,,
2107,-4.35E-05,1.54E+01,,
2108,-4.35E-05,1.54E+01,,
2109,-4.35E-05,1.56E+01,,
2110,-4.35E-05,1.56E+01,,
2111,-4.35E-05,1.54E+01,,
2112,-2.00E-01,1.54E+01,,
2113,2.00E-01,1.56E+01,,
2114,2.00E-01,1.56E+01,,
2115,2.00E-01,1.54E+01,,
2116,-2.00E-01,1.54E+01,,
2117,2.00E-01,1.56E+01,,
2118,2.00E-01,1.56E+01,,
2119,2.00E-01,1.54E+01,,
2120,-4.35E-05,1.54E+01,,
2121,-4.35E-05,1.54E+01,,
2122,-4.35E-05,1.56E+01,,
2123,2.00E-01,1.54E+01,,
2124,-4.35E-05,1.54E+01,,
2125,-4.35E-05,1.56E+01,,
2126,-4.35E-05,1.56E+01,,
2127,-4.35E-05,1.54E+01,,
2128,-4.35E-05,1.54E+01,,
2129,2.00E-01,1.54E+01,,
2130,-4.35E-05,1.56E+01,,
2131,2.00E-01,1.54E+01,,
2132,-4.35E-05,1.54E+01,,
2133,-4.35E-05,1.56E+01,,
2134,2.00E-01,1.56E+01,,
2135,2.00E-01,1.54E+01,,
2136,-4.35E-05,1.54E+01,,
2137,2.00E-01,1.56E+01,,
2138,-4.35E-05,1.56E+01,,
2139,2.00E-01,1.54E+01,,
2140,-4.35E-05,1.54E+01,,
2141,2.00E-01,1.56E+01,,
2142,2.00E-01,1.56E+01,,
2143,2.00E-01,1.54E+01,,
2144,-4.35E-05,1.54E+01,,
2145,-4.35E-05,1.56E+01,,
2146,-4.35E-05,1.56E+01,,
2147,2.00E-01,1.54E+01,,
2148,-4.35E-05,1.54E+01,,
2149,-4.35E-05,1.56E+01,,
2150,-4.35E-05,1.56E+01,,
2151,2.00E-01,1.54E+01,,
2152,-4.35E-05,1.54E+01,,
2153,2.00E-01,1.56E+01,,
2154,2.00E-01,1.56E+01,,
2155,2.00E-01,1.54E+01,,
2156,-4.35E-05,1.54E+01,,
2157,2.00E-01,1.56E+01,,
2158,2.00E-01,1.56E+01,,
2159,2.00E-01,1.54E+01,,
2160,-2.00E-01,1.54E+01,,
2161,-4.35E-05,1.56E+01,,
2162,-4.35E-05,1.56E+01,,
2163,2.00E-01,1.54E+01,,
2164,-4.35E-05,1.54E+01,,
2165,-4.35E-05,1.56E+01,,
2166,-4.35E-05,1.56E+01,,
2167,2.00E-01,1.54E+01,,
2168,-4.35E-05,1.54E+01,,
2169,-4.35E-05,1.56E+01,,
2170,-4.35E-05,1.56E+01,,
2171,-4.35E-05,1.54E+01,,
2172,-4.35E-05,1.54E+01,,
2173,-4.35E-05,1.56E+01,,
2174,2.00E-01,1.56E+01,,
2175,2.00E-01,1.54E+01,,
2176,-2.00E-01,1.54E+01,,
2177,2.00E-01,1.56E+01,,
2178,-4.35E-05,1.56E+01,,
2179,2.00E-01,1.54E+01,,
2180,-2.00E-01,1.54E+01,,
2181,-4.35E-05,1.56E+01,,
2182,2.00E-01,1.56E+01,,
2183,2.00E-01,1.54E+01,,
2184,-4.35E-05,1.54E+01,,
2185,2.00E-01,1.56E+01,,
2186,-4.35E-05,1.56E+01,,
2187,2.00E-01,1.54E+01,,
2188,-4.35E-05,1.54E+01,,
2189,-4.35E-05,1.56E+01,,
2190,2.00E-01,1.56E+01,,
2191,2.00E-01,1.54E+01,,
2192,-4.35E-05,1.54E+01,,
2193,2.00E-01,1.56E+01,,
2194,-4.35E-05,1.56E+01,,
2195,2.00E-01,1.54E+01,,
2196,-4.35E-05,1.54E+01,,
2197,-4.35E-05,1.56E+01,,
2198,2.00E-01,1.56E+01,,
2199,2.00E-01,1.54E+01,,
2200,-2.00E-01,1.54E+01,,
2201,-4.35E-05,1.56E+01,,
2202,-4.35E-05,1.56E+01,,
2203,2.00E-01,1.56E+01,,
2204,-4.35E-05,1.54E+01,,
2205,-4.35E-05,1.56E+01,,
2206,2.00E-01,1.56E+01,,
2207,2.00E-01,1.54E+01,,
2208,-4.35E-05,1.54E+01,,
2209,2.00E-01,1.56E+01,,
2210,-4.35E-05,1.56E+01,,
2211,2.00E-01,1.54E+01,,
2212,-4.35E-05,1.54E+01,,
2213,-4.35E-05,1.56E+01,,
2214,-4.35E-05,1.56E+01,,
2215,2.00E-01,1.54E+01,,
2216,-4.35E-05,1.54E+01,,
2217,2.00E-01,1.54E+01,,
2218,-4.35E-05,1.56E+01,,
2219,2.00E-01,1.54E+01,,
2220,-4.35E-05,1.54E+01,,
2221,-4.35E-05,1.56E+01,,
2222,-4.35E-05,1.56E+01,,
2223,-4.35E-05,1.54E+01,,
2224,-4.35E-05,1.54E+01,,
2225,-4.35E-05,1.56E+01,,
2226,-4.35E-05,1.56E+01,,
2227,2.00E-01,1.54E+01,,
2228,-4.35E-05,1.54E+01,,
2229,-4.35E-05,1.56E+01,,
2230,-4.35E-05,1.56E+01,,
2231,2.00E-01,1.54E+01,,
2232,-4.35E-05,1.54E+01,,
2233,2.00E-01,1.56E+01,,
2234,-4.35E-05,1.56E+01,,
2235,2.00E-01,1.54E+01,,
2236,-4.35E-05,1.54E+01,,
2237,2.00E-01,1.56E+01,,
2238,2.00E-01,1.56E+01,,
2239,-4.35E-05,1.54E+01,,
2240,-4.35E-05,1.54E+01,,
2241,-4.35E-05,1.56E+01,,
2242,2.00E-01,1.56E+01,,
2243,2.00E-01,1.54E+01,,
2244,-4.35E-05,1.54E+01,,
2245,-4.35E-05,1.56E+01,,
2246,2.00E-01,1.56E+01,,
2247,2.00E-01,1.54E+01,,
2248,-4.35E-05,1.56E+01,,
2249,2.00E-01,1.56E+01,,
2250,-4.35E-05,1.56E+01,,
2251,2.00E-01,1.54E+01,,
2252,-2.00E-01,1.54E+01,,
2253,2.00E-01,1.56E+01,,
2254,2.00E-01,1.56E+01,,
2255,2.00E-01,1.54E+01,,
2256,-4.35E-05,1.54E+01,,
2257,2.00E-01,1.56E+01,,
2258,2.00E-01,1.56E+01,,
2259,2.00E-01,1.54E+01,,
2260,-4.35E-05,1.54E+01,,
2261,2.00E-01,1.56E+01,,
2262,2.00E-01,1.56E+01,,
2263,2.00E-01,1.54E+01,,
2264,-2.00E-01,1.54E+01,,
2265,2.00E-01,1.54E+01,,
2266,-4.35E-05,1.54E+01,,
2267,2.00E-01,1.54E+01,,
2268,-4.35E-05,1.54E+01,,
2269,2.00E-01,1.56E+01,,
2270,2.00E-01,1.56E+01,,
2271,2.00E-01,1.54E+01,,
2272,-4.35E-05,1.54E+01,,
2273,2.00E-01,1.56E+01,,
2274,-4.35E-05,1.56E+01,,
2275,2.00E-01,1.54E+01,,
2276,-4.35E-05,1.54E+01,,
2277,2.00E-01,1.56E+01,,
2278,-4.35E-05,1.56E+01,,
2279,2.00E-01,1.54E+01,,
2280,-4.35E-05,1.54E+01,,
2281,2.00E-01,1.56E+01,,
2282,-4.35E-05,1.56E+01,,
2283,2.00E-01,1.54E+01,,
2284,-4.35E-05,1.54E+01,,
2285,-4.35E-05,1.56E+01,,
2286,-4.35E-05,1.56E+01,,
2287,2.00E-01,1.54E+01,,
2288,-2.00E-01,1.54E+01,,
2289,-4.35E-05,1.56E+01,,
2290,-4.35E-05,1.56E+01,,
2291,2.00E-01,1.54E+01,,
2292,-4.35E-05,1.54E+01,,
2293,-4.35E-05,1.56E+01,,
2294,-4.35E-05,1.56E+01,,
2295,-4.35E-05,1.54E+01,,
2296,-2.00E-01,1.54E+01,,
2297,2.00E-01,1.56E+01,,
2298,2.00E-01,1.56E+01,,
2299,2.00E-01,1.54E+01,,
2300,-4.35E-05,1.54E+01,,
2301,-4.35E-05,1.56E+01,,
2302,2.00E-01,1.56E+01,,
2303,2.00E-01,1.54E+01,,
2304,-2.00E-01,1.54E+01,,
2305,2.00E-01,1.56E+01,,
2306,-4.35E-05,1.56E+01,,
2307,2.00E-01,1.54E+01,,
2308,-4.35E-05,1.54E+01,,
2309,2.00E-01,1.56E+01,,
2310,2.00E-01,1.56E+01,,
2311,2.00E-01,1.54E+01,,
2312,-4.35E-05,1.54E+01,,
2313,2.00E-01,1.54E+01,,
2314,2.00E-01,1.56E+01,,
2315,2.00E-01,1.54E+01,,
2316,-4.35E-05,1.54E+01,,
2317,2.00E-01,1.56E+01,,
2318,2.00E-01,1.56E+01,,
2319,2.00E-01,1.54E+01,,
2320,-4.35E-05,1.54E+01,,
2321,2.00E-01,1.56E+01,,
2322,2.00E-01,1.56E+01,,
2323,-4.35E-05,1.54E+01,,
2324,-4.35E-05,1.54E+01,,
2325,2.00E-01,1.56E+01,,
2326,-4.35E-05,1.56E+01,,
2327,2.00E-01,1.54E+01,,
2328,-2.00E-01,1.54E+01,,
2329,2.00E-01,1.56E+01,,
2330,-4.35E-05,1.56E+01,,
2331,2.00E-01,1.56E+01,,
2332,-4.35E-05,1.54E+01,,
2333,-4.35E-05,1.56E+01,,
2334,2.00E-01,1.56E+01,,
2335,2.00E-01,1.54E+01,,
2336,-4.35E-05,1.54E+01,,
2337,2.00E-01,1.56E+01,,
2338,2.00E-01,1.56E+01,,
2339,2.00E-01,1.54E+01,,
2340,-4.35E-05,1.54E+01,,
2341,2.00E-01,1.56E+01,,
2342,2.00E-01,1.56E+01,,
2343,2.00E-01,1.54E+01,,
2344,-4.35E-05,1.54E+01,,
2345,2.00E-01,1.56E+01,,
2346,2.00E-01,1.56E+01,,
2347,2.00E-01,1.54E+01,,
2348,-4.35E-05,1.54E+01,,
2349,2.00E-01,1.56E+01,,
2350,2.00E-01,1.56E+01,,
2351,2.00E-01,1.54E+01,,
2352,-4.35E-05,1.54E+01,,
2353,2.00E-01,1.56E+01,,
2354,2.00E-01,1.56E+01,,
2355,2.00E-01,1.54E+01,,
2356,-4.35E-05,1.54E+01,,
2357,2.00E-01,1.56E+01,,
2358,2.00E-01,1.56E+01,,
2359,2.00E-01,1.54E+01,,
2360,-4.35E-05,1.54E+01,,
2361,2.00E-01,1.54E+01,,
2362,-4.35E-05,1.56E+01,,
2363,2.00E-01,1.54E+01,,
2364,-4.35E-05,1.54E+01,,
2365,2.00E-01,1.56E+01,,
2366,-4.35E-05,1.56E+01,,
2367,2.00E-01,1.54E+01,,
2368,-4.35E-05,1.54E+01,,
2369,2.00E-01,1.56E+01,,
2370,2.00E-01,1.56E+01,,
2371,2.00E-01,1.54E+01,,
2372,-4.35E-05,1.54E+01,,
2373,2.00E-01,1.56E+01,,
2374,2.00E-01,1.56E+01,,
2375,-4.35E-05,1.54E+01,,
2376,-2.00E-01,1.54E+01,,
2377,2.00E-01,1.56E+01,,
2378,-4.35E-05,1.56E+01,,
2379,2.00E-01,1.56E+01,,
2380,-4.35E-05,1.54E+01,,
2381,2.00E-01,1.56E+01,,
2382,-4.35E-05,1.56E+01,,
2383,2.00E-01,1.54E+01,,
2384,-4.35E-05,1.54E+01,,
2385,2.00E-01,1.56E+01,,
2386,2.00E-01,1.56E+01,,
2387,2.00E-01,1.54E+01,,
2388,-4.35E-05,1.54E+01,,
2389,2.00E-01,1.56E+01,,
2390,2.00E-01,1.56E+01,,
2391,2.00E-01,1.54E+01,,
2392,-4.35E-05,1.54E+01,,
2393,2.00E-01,1.56E+01,,
2394,2.00E-01,1.56E+01,,
2395,2.00E-01,1.54E+01,,
2396,-4.35E-05,1.54E+01,,
2397,-4.35E-05,1.56E+01,,
2398,2.00E-01,1.56E+01,,
2399,2.00E-01,1.54E+01,,
2400,-2.00E-01,1.54E+01,,
2401,2.00E-01,1.56E+01,,
2402,-4.35E-05,1.56E+01,,
2403,-4.35E-05,1.54E+01,,
2404,-4.35E-05,1.54E+01,,
2405,-4.35E-05,1.56E+01,,
2406,2.00E-01,1.56E+01,,
2407,2.00E-01,1.54E+01,,
2408,-4.35E-05,1.54E+01,,
2409,2.00E-01,1.56E+01,,
2410,2.00E-01,1.56E+01,,
2411,-4.35E-05,1.54E+01,,
2412,-4.35E-05,1.54E+01,,
2413,2.00E-01,1.56E+01,,
2414,2.00E-01,1.56E+01,,
2415,2.00E-01,1.54E+01,,
2416,-4.35E-05,1.54E+01,,
2417,2.00E-01,1.54E+01,,
2418,2.00E-01,1.56E+01,,
2419,2.00E-01,1.56E+01,,
2420,-4.35E-05,1.54E+01,,
2421,2.00E-01,1.56E+01,,
2422,2.00E-01,1.56E+01,,
2423,2.00E-01,1.54E+01,,
2424,-4.35E-05,1.54E+01,,
2425,-4.35E-05,1.54E+01,,
2426,2.00E-01,1.56E+01,,
2427,2.00E-01,1.54E+01,,
2428,-4.35E-05,1.54E+01,,
2429,2.00E-01,1.56E+01,,
2430,2.00E-01,1.56E+01,,
2431,2.00E-01,1.54E+01,,
2432,-4.35E-05,1.54E+01,,
2433,2.00E-01,1.56E+01,,
2434,-4.35E-05,1.56E+01,,
2435,2.00E-01,1.54E+01,,
2436,-4.35E-05,1.54E+01,,
2437,2.00E-01,1.56E+01,,
2438,2.00E-01,1.56E+01,,
2439,2.00E-01,1.54E+01,,
2440,-4.35E-05,1.54E+01,,
2441,2.00E-01,1.56E+01,,
2442,-4.35E-05,1.56E+01,,
2443,2.00E-01,1.56E+01,,
2444,-4.35E-05,1.54E+01,,
2445,-4.35E-05,1.56E+01,,
2446,-4.35E-05,1.56E+01,,
2447,2.00E-01,1.54E+01,,
2448,-4.35E-05,1.54E+01,,
2449,2.00E-01,1.56E+01,,
2450,2.00E-01,1.56E+01,,
2451,2.00E-01,1.54E+01,,
2452,-4.35E-05,1.54E+01,,
2453,-4.35E-05,1.56E+01,,
2454,2.00E-01,1.56E+01,,
2455,2.00E-01,1.54E+01,,
2456,-4.35E-05,1.54E+01,,
2457,2.00E-01,1.56E+01,,
2458,2.00E-01,1.56E+01,,
2459,2.00E-01,1.54E+01,,
2460,-4.35E-05,1.54E+01,,
2461,2.00E-01,1.56E+01,,
2462,-4.35E-05,1.56E+01,,
2463,2.00E-01,1.54E+01,,
2464,-4.35E-05,1.56E+01,,
2465,2.00E-01,1.56E+01,,
2466,-4.35E-05,1.56E+01,,
2467,2.00E-01,1.54E+01,,
2468,-4.35E-05,1.54E+01,,
2469,-4.35E-05,1.56E+01,,
2470,-4.35E-05,1.56E+01,,
2471,2.00E-01,1.54E+01,,
2472,-4.35E-05,1.54E+01,,
2473,2.00E-01,1.56E+01,,
2474,-4.35E-05,1.56E+01,,
2475,2.00E-01,1.54E+01,,
2476,-4.35E-05,1.54E+01,,
2477,-4.35E-05,1.56E+01,,
2478,-4.35E-05,1.56E+01,,
2479,-4.35E-05,1.54E+01,,
2480,-4.35E-05,1.54E+01,,
2481,2.00E-01,1.56E+01,,
2482,-4.35E-05,1.56E+01,,
2483,2.00E-01,1.54E+01,,
2484,-4.35E-05,1.54E+01,,
2485,2.00E-01,1.56E+01,,
2486,2.00E-01,1.56E+01,,
2487,2.00E-01,1.54E+01,,
2488,-4.35E-05,1.54E+01,,
2489,2.00E-01,1.54E+01,,
2490,2.00E-01,1.56E+01,,
2491,2.00E-01,1.56E+01,,
2492,-4.35E-05,1.54E+01,,
2493,2.00E-01,1.56E+01,,
2494,2.00E-01,1.56E+01,,
2495,2.00E-01,1.54E+01,,
2496,-4.35E-05,1.54E+01,,
2497,2.00E-01,1.56E+01,,
2498,2.00E-01,1.56E+01,,
2499,2.00E-01,1.54E+01,,
2500,-4.35E-05,1.54E+01,,
2501,2.00E-01,1.56E+01,,
2502,2.00E-01,1.56E+01,,
2503,2.00E-01,1.54E+01,,
2504,-4.35E-05,1.54E+01,,
2505,2.00E-01,1.56E+01,,
2506,2.00E-01,1.56E+01,,
2507,2.00E-01,1.54E+01,,
2508,-4.35E-05,1.54E+01,,
2509,-4.35E-05,1.56E+01,,
2510,2.00E-01,1.56E+01,,
2511,2.00E-01,1.54E+01,,
2512,-4.35E-05,1.54E+01,,
2513,2.00E-01,1.56E+01,,
2514,2.00E-01,1.54E+01,,
2515,2.00E-01,1.54E+01,,
2516,-4.35E-05,1.54E+01,,
2517,-4.35E-05,1.56E+01,,
2518,2.00E-01,1.56E+01,,
2519,-4.35E-05,1.54E+01,,
2520,-4.35E-05,1.54E+01,,
2521,2.00E-01,1.56E+01,,
2522,2.00E-01,1.56E+01,,
2523,2.00E-01,1.54E+01,,
2524,-4.35E-05,1.54E+01,,
2525,2.00E-01,1.56E+01,,
2526,2.00E-01,1.56E+01,,
2527,2.00E-01,1.54E+01,,
2528,-4.35E-05,1.54E+01,,
2529,2.00E-01,1.56E+01,,
2530,-4.35E-05,1.56E+01,,
2531,2.00E-01,1.54E+01,,
2532,-4.35E-05,1.54E+01,,
2533,-4.35E-05,1.56E+01,,
2534,2.00E-01,1.56E+01,,
2535,2.00E-01,1.54E+01,,
2536,-4.35E-05,1.54E+01,,
2537,2.00E-01,1.56E+01,,
2538,2.00E-01,1.56E+01,,
2539,2.00E-01,1.54E+01,,
2540,-4.35E-05,1.54E+01,,
2541,2.00E-01,1.56E+01,,
2542,2.00E-01,1.56E+01,,
2543,2.00E-01,1.54E+01,,
2544,-4.35E-05,1.54E+01,,
2545,2.00E-01,1.56E+01,,
2546,-4.35E-05,1.56E+01,,
2547,2.00E-01,1.54E+01,,
2548,-4.35E-05,1.54E+01,,
2549,2.00E-01,1.56E+01,,
2550,2.00E-01,1.56E+01,,
2551,2.00E-01,1.54E+01,,
2552,-4.35E-05,1.54E+01,,
2553,2.00E-01,1.56E+01,,
2554,-4.35E-05,1.56E+01,,
2555,2.00E-01,1.54E+01,,
2556,-4.35E-05,1.54E+01,,
2557,-4.35E-05,1.56E+01,,
2558,2.00E-01,1.56E+01,,
2559,2.00E-01,1.54E+01,,
2560,-4.35E-05,1.54E+01,,
2561,2.00E-01,1.56E+01,,
2562,-4.35E-05,1.56E+01,,
2563,2.00E-01,1.54E+01,,
2564,-4.35E-05,1.54E+01,,
2565,2.00E-01,1.56E+01,,
2566,2.00E-01,1.56E+01,,
2567,2.00E-01,1.54E+01,,
2568,-4.35E-05,1.54E+01,,
2569,2.00E-01,1.56E+01,,
2570,2.00E-01,1.56E+01,,
2571,2.00E-01,1.54E+01,,
2572,-4.35E-05,1.54E+01,,
2573,-4.35E-05,1.56E+01,,
2574,2.00E-01,1.56E+01,,
2575,2.00E-01,1.54E+01,,
2576,-2.00E-01,1.54E+01,,
2577,2.00E-01,1.56E+01,,
2578,2.00E-01,1.56E+01,,
2579,2.00E-01,1.54E+01,,
2580,-4.35E-05,1.54E+01,,
2581,-4.35E-05,1.56E+01,,
2582,2.00E-01,1.56E+01,,
2583,2.00E-01,1.54E+01,,
2584,-4.35E-05,1.54E+01,,
2585,2.00E-01,1.56E+01,,
2586,2.00E-01,1.56E+01,,
2587,2.00E-01,1.54E+01,,
2588,-4.35E-05,1.54E+01,,
2589,2.00E-01,1.56E+01,,
2590,2.00E-01,1.56E+01,,
2591,2.00E-01,1.54E+01,,
2592,-4.35E-05,1.54E+01,,
2593,2.00E-01,1.56E+01,,
2594,2.00E-01,1.56E+01,,
2595,2.00E-01,1.56E+01,,
2596,-4.35E-05,1.54E+01,,
2597,2.00E-01,1.56E+01,,
2598,2.00E-01,1.56E+01,,
2599,2.00E-01,1.54E+01,,
2600,-4.35E-05,1.54E+01,,
2601,2.00E-01,1.54E+01,,
2602,2.00E-01,1.56E+01,,
2603,2.00E-01,1.54E+01,,
2604,-4.35E-05,1.54E+01,,
2605,2.00E-01,1.56E+01,,
2606,2.00E-01,1.56E+01,,
2607,2.00E-01,1.54E+01,,
2608,-4.35E-05,1.54E+01,,
2609,2.00E-01,1.56E+01,,
2610,2.00E-01,1.56E+01,,
2611,2.00E-01,1.54E+01,,
2612,-4.35E-05,1.54E+01,,
2613,2.00E-01,1.56E+01,,
2614,2.00E-01,1.56E+01,,
2615,2.00E-01,1.54E+01,,
2616,-4.35E-05,1.54E+01,,
2617,2.00E-01,1.54E+01,,
2618,2.00E-01,1.56E+01,,
2619,2.00E-01,1.54E+01,,
2620,-4.35E-05,1.54E+01,,
2621,-4.35E-05,1.56E+01,,
2622,2.00E-01,1.56E+01,,
2623,2.00E-01,1.54E+01,,
2624,-4.35E-05,1.54E+01,,
2625,2.00E-01,1.56E+01,,
2626,-4.35E-05,1.56E+01,,
2627,2.00E-01,1.54E+01,,
2628,-4.35E-05,1.54E+01,,
2629,2.00E-01,1.56E+01,,
2630,2.00E-01,1.56E+01,,
2631,2.00E-01,1.54E+01,,
2632,-4.35E-05,1.54E+01,,
2633,2.00E-01,1.56E+01,,
2634,2.00E-01,1.56E+01,,
2635,2.00E-01,1.54E+01,,
2636,-4.35E-05,1.54E+01,,
2637,2.00E-01,1.56E+01,,
2638,2.00E-01,1.56E+01,,
2639,2.00E-01,1.54E+01,,
2640,-4.35E-05,1.54E+01,,
2641,-4.35E-05,1.56E+01,,
2642,2.00E-01,1.56E+01,,
2643,2.00E-01,1.54E+01,,
2644,-4.35E-05,1.54E+01,,
2645,2.00E-01,1.56E+01,,
2646,2.00E-01,1.56E+01,,
2647,2.00E-01,1.54E+01,,
2648,-4.35E-05,1.54E+01,,
2649,2.00E-01,1.54E+01,,
2650,2.00E-01,1.56E+01,,
2651,2.00E-01,1.54E+01,,
2652,-4.35E-05,1.54E+01,,
2653,2.00E-01,1.56E+01,,
2654,2.00E-01,1.56E+01,,
2655,2.00E-01,1.54E+01,,
2656,-4.35E-05,1.54E+01,,
2657,2.00E-01,1.56E+01,,
2658,2.00E-01,1.56E+01,,
2659,2.00E-01,1.54E+01,,
2660,-4.35E-05,1.54E+01,,
2661,2.00E-01,1.56E+01,,
2662,2.00E-01,1.56E+01,,
2663,2.00E-01,1.54E+01,,
2664,-4.35E-05,1.54E+01,,
2665,2.00E-01,1.56E+01,,
2666,2.00E-01,1.56E+01,,
2667,2.00E-01,1.54E+01,,
2668,-4.35E-05,1.54E+01,,
2669,2.00E-01,1.56E+01,,
2670,2.00E-01,1.56E+01,,
2671,-4.35E-05,1.54E+01,,
2672,-4.35E-05,1.54E+01,,
2673,2.00E-01,1.56E+01,,
2674,-4.35E-05,1.56E+01,,
2675,2.00E-01,1.54E+01,,
2676,-4.35E-05,1.54E+01,,
2677,2.00E-01,1.56E+01,,
2678,2.00E-01,1.56E+01,,
2679,2.00E-01,1.54E+01,,
2680,-4.35E-05,1.54E+01,,
2681,2.00E-01,1.56E+01,,
2682,2.00E-01,1.56E+01,,
2683,2.00E-01,1.54E+01,,
2684,-4.35E-05,1.54E+01,,
2685,2.00E-01,1.56E+01,,
2686,2.00E-01,1.56E+01,,
2687,2.00E-01,1.54E+01,,
2688,-4.35E-05,1.54E+01,,
2689,2.00E-01,1.56E+01,,
2690,2.00E-01,1.56E+01,,
2691,2.00E-01,1.54E+01,,
2692,-4.35E-05,1.54E+01,,
2693,2.00E-01,1.54E+01,,
2694,2.00E-01,1.56E+01,,
2695,2.00E-01,1.54E+01,,
2696,-4.35E-05,1.54E+01,,
2697,2.00E-01,1.56E+01,,
2698,2.00E-01,1.56E+01,,
2699,2.00E-01,1.54E+01,,
2700,-4.35E-05,1.54E+01,,
2701,2.00E-01,1.56E+01,,
2702,2.00E-01,1.56E+01,,
2703,2.00E-01,1.54E+01,,
2704,-4.35E-05,1.54E+01,,
2705,2.00E-01,1.56E+01,,
2706,2.00E-01,1.56E+01,,
2707,2.00E-01,1.56E+01,,
2708,-4.35E-05,1.54E+01,,
2709,2.00E-01,1.56E+01,,
2710,2.00E-01,1.56E+01,,
2711,2.00E-01,1.54E+01,,
2712,-4.35E-05,1.54E+01,,
2713,2.00E-01,1.56E+01,,
2714,-4.35E-05,1.56E+01,,
2715,2.00E-01,1.56E+01,,
2716,-4.35E-05,1.54E+01,,
2717,2.00E-01,1.56E+01,,
2718,2.00E-01,1.56E+01,,
2719,2.00E-01,1.54E+01,,
2720,-4.35E-05,1.54E+01,,
2721,2.00E-01,1.56E+01,,
2722,-4.35E-05,1.56E+01,,
2723,2.00E-01,1.56E+01,,
2724,-4.35E-05,1.54E+01,,
2725,2.00E-01,1.56E+01,,
2726,2.00E-01,1.56E+01,,
2727,2.00E-01,1.54E+01,,
2728,-4.35E-05,1.54E+01,,
2729,2.00E-01,1.54E+01,,
2730,-4.35E-05,1.56E+01,,
2731,2.00E-01,1.56E+01,,
2732,-4.35E-05,1.54E+01,,
2733,2.00E-01,1.56E+01,,
2734,-4.35E-05,1.56E+01,,
2735,2.00E-01,1.54E+01,,
2736,-4.35E-05,1.54E+01,,
2737,-4.35E-05,1.56E+01,,
2738,2.00E-01,1.56E+01,,
2739,2.00E-01,1.54E+01,,
2740,-4.35E-05,1.54E+01,,
2741,2.00E-01,1.56E+01,,
2742,2.00E-01,1.56E+01,,
2743,2.00E-01,1.54E+01,,
2744,-4.35E-05,1.54E+01,,
2745,2.00E-01,1.54E+01,,
2746,2.00E-01,1.56E+01,,
2747,2.00E-01,1.54E+01,,
2748,-4.35E-05,1.54E+01,,
2749,-4.35E-05,1.56E+01,,
2750,2.00E-01,1.56E+01,,
2751,2.00E-01,1.54E+01,,
2752,-4.35E-05,1.54E+01,,
2753,2.00E-01,1.56E+01,,
2754,-4.35E-05,1.56E+01,,
2755,2.00E-01,1.54E+01,,
2756,-4.35E-05,1.54E+01,,
2757,2.00E-01,1.56E+01,,
2758,2.00E-01,1.56E+01,,
2759,2.00E-01,1.54E+01,,
2760,-4.35E-05,1.54E+01,,
2761,2.00E-01,1.56E+01,,
2762,-4.35E-05,1.56E+01,,
2763,2.00E-01,1.54E+01,,
2764,-4.35E-05,1.54E+01,,
2765,2.00E-01,1.56E+01,,
2766,2.00E-01,1.56E+01,,
2767,2.00E-01,1.54E+01,,
2768,-2.00E-01,1.54E+01,,
2769,2.00E-01,1.56E+01,,
2770,2.00E-01,1.56E+01,,
2771,2.00E-01,1.54E+01,,
2772,-4.35E-05,1.54E+01,,
2773,2.00E-01,1.56E+01,,
2774,2.00E-01,1.56E+01,,
2775,2.00E-01,1.54E+01,,
2776,-4.35E-05,1.54E+01,,
2777,2.00E-01,1.56E+01,,
2778,2.00E-01,1.56E+01,,
2779,-4.35E-05,1.54E+01,,
2780,-4.35E-05,1.54E+01,,
2781,2.00E-01,1.56E+01,,
2782,2.00E-01,1.56E+01,,
2783,2.00E-01,1.54E+01,,
2784,-4.35E-05,1.54E+01,,
2785,2.00E-01,1.54E+01,,
2786,2.00E-01,1.56E+01,,
2787,2.00E-01,1.54E+01,,
2788,-4.35E-05,1.54E+01,,
2789,2.00E-01,1.56E+01,,
2790,2.00E-01,1.56E+01,,
2791,2.00E-01,1.54E+01,,
2792,-4.35E-05,1.54E+01,,
2793,2.00E-01,1.54E+01,,
2794,2.00E-01,1.56E+01,,
2795,2.00E-01,1.54E+01,,
2796,-4.35E-05,1.54E+01,,
2797,2.00E-01,1.56E+01,,
2798,2.00E-01,1.56E+01,,
2799,2.00E-01,1.54E+01,,
2800,-4.35E-05,1.56E+01,,
2801,2.00E-01,1.56E+01,,
2802,-4.35E-05,1.56E+01,,
2803,2.00E-01,1.54E+01,,
2804,-4.35E-05,1.54E+01,,
2805,2.00E-01,1.56E+01,,
2806,2.00E-01,1.56E+01,,
2807,2.00E-01,1.54E+01,,
2808,-4.35E-05,1.54E+01,,
2809,2.00E-01,1.56E+01,,
2810,-4.35E-05,1.56E+01,,
2811,2.00E-01,1.54E+01,,
2812,-4.35E-05,1.54E+01,,
2813,2.00E-01,1.56E+01,,
2814,2.00E-01,1.56E+01,,
2815,2.00E-01,1.54E+01,,
2816,-4.35E-05,1.54E+01,,
2817,2.00E-01,1.56E+01,,
2818,2.00E-01,1.56E+01,,
2819,2.00E-01,1.56E+01,,
2820,-4.35E-05,1.54E+01,,
2821,2.00E-01,1.56E+01,,
2822,2.00E-01,1.56E+01,,
2823,2.00E-01,1.54E+01,,
2824,-4.35E-05,1.54E+01,,
2825,2.00E-01,1.54E+01,,
2826,-4.35E-05,1.56E+01,,
2827,2.00E-01,1.54E+01,,
2828,-4.35E-05,1.54E+01,,
2829,2.00E-01,1.56E+01,,
2830,2.00E-01,1.56E+01,,
2831,2.00E-01,1.54E+01,,
2832,-4.35E-05,1.54E+01,,
2833,2.00E-01,1.56E+01,,
2834,2.00E-01,1.56E+01,,
2835,2.00E-01,1.56E+01,,
2836,-4.35E-05,1.54E+01,,
2837,2.00E-01,1.56E+01,,
2838,2.00E-01,1.56E+01,,
2839,2.00E-01,1.54E+01,,
2840,-4.35E-05,1.54E+01,,
2841,2.00E-01,1.54E+01,,
2842,2.00E-01,1.56E+01,,
2843,2.00E-01,1.54E+01,,
2844,-4.35E-05,1.54E+01,,
2845,2.00E-01,1.56E+01,,
2846,2.00E-01,1.56E+01,,
2847,2.00E-01,1.54E+01,,
2848,-2.00E-01,1.54E+01,,
2849,2.00E-01,1.56E+01,,
2850,2.00E-01,1.56E+01,,
2851,2.00E-01,1.56E+01,,
2852,-4.35E-05,1.54E+01,,
2853,2.00E-01,1.56E+01,,
2854,2.00E-01,1.56E+01,,
2855,2.00E-01,1.54E+01,,
2856,-4.35E-05,1.54E+01,,
2857,2.00E-01,1.56E+01,,
2858,-4.35E-05,1.56E+01,,
2859,2.00E-01,1.54E+01,,
2860,-4.35E-05,1.54E+01,,
2861,2.00E-01,1.56E+01,,
2862,2.00E-01,1.56E+01,,
2863,2.00E-01,1.54E+01,,
2864,-4.35E-05,1.54E+01,,
2865,2.00E-01,1.54E+01,,
2866,2.00E-01,1.56E+01,,
2867,2.00E-01,1.54E+01,,
2868,-4.35E-05,1.54E+01,,
2869,2.00E-01,1.56E+01,,
2870,2.00E-01,1.56E+01,,
2871,2.00E-01,1.54E+01,,
2872,-4.35E-05,1.54E+01,,
2873,2.00E-01,1.56E+01,,
2874,2.00E-01,1.56E+01,,
2875,2.00E-01,1.54E+01,,
2876,-4.35E-05,1.54E+01,,
2877,2.00E-01,1.56E+01,,
2878,2.00E-01,1.56E+01,,
2879,2.00E-01,1.54E+01,,
2880,-4.35E-05,1.54E+01,,
2881,2.00E-01,1.54E+01,,
2882,-4.35E-05,1.54E+01,,
2883,2.00E-01,1.54E+01,,
2884,-4.35E-05,1.54E+01,,
2885,2.00E-01,1.56E+01,,
2886,2.00E-01,1.56E+01,,
2887,2.00E-01,1.54E+01,,
2888,-4.35E-05,1.54E+01,,
2889,2.00E-01,1.56E+01,,
2890,2.00E-01,1.56E+01,,
2891,2.00E-01,1.54E+01,,
2892,-4.35E-05,1.54E+01,,
2893,2.00E-01,1.56E+01,,
2894,2.00E-01,1.56E+01,,
2895,2.00E-01,1.54E+01,,
2896,-4.35E-05,1.54E+01,,
2897,2.00E-01,1.54E+01,,
2898,2.00E-01,1.56E+01,,
2899,2.00E-01,1.54E+01,,
2900,-4.35E-05,1.54E+01,,
2901,2.00E-01,1.56E+01,,
2902,2.00E-01,1.56E+01,,
2903,2.00E-01,1.54E+01,,
2904,-4.35E-05,1.54E+01,,
2905,2.00E-01,1.54E+01,,
2906,2.00E-01,1.56E+01,,
2907,2.00E-01,1.54E+01,,
2908,-4.35E-05,1.54E+01,,
2909,2.00E-01,1.54E+01,,
2910,2.00E-01,1.56E+01,,
2911,2.00E-01,1.54E+01,,
2912,-4.35E-05,1.54E+01,,
2913,2.00E-01,1.56E+01,,
2914,2.00E-01,1.54E+01,,
2915,2.00E-01,1.54E+01,,
2916,-4.35E-05,1.54E+01,,
2917,2.00E-01,1.54E+01,,
2918,2.00E-01,1.56E+01,,
2919,2.00E-01,1.54E+01,,
2920,-4.35E-05,1.54E+01,,
2921,2.00E-01,1.56E+01,,
2922,2.00E-01,1.56E+01,,
2923,2.00E-01,1.56E+01,,
2924,-4.35E-05,1.54E+01,,
2925,2.00E-01,1.56E+01,,
2926,2.00E-01,1.56E+01,,
2927,2.00E-01,1.54E+01,,
2928,-4.35E-05,1.54E+01,,
2929,2.00E-01,1.54E+01,,
2930,2.00E-01,1.56E+01,,
2931,2.00E-01,1.54E+01,,
2932,-4.35E-05,1.54E+01,,
2933,-4.35E-05,1.56E+01,,
2934,2.00E-01,1.56E+01,,
2935,2.00E-01,1.54E+01,,
2936,-4.35E-05,1.54E+01,,
2937,2.00E-01,1.56E+01,,
2938,2.00E-01,1.56E+01,,
2939,2.00E-01,1.54E+01,,
2940,-4.35E-05,1.54E+01,,
2941,2.00E-01,1.56E+01,,
2942,2.00E-01,1.56E+01,,
2943,2.00E-01,1.54E+01,,
2944,-4.35E-05,1.54E+01,,
2945,2.00E-01,1.56E+01,,
2946,2.00E-01,1.56E+01,,
2947,2.00E-01,1.54E+01,,
2948,-4.35E-05,1.54E+01,,
2949,2.00E-01,1.56E+01,,
2950,2.00E-01,1.56E+01,,
2951,2.00E-01,1.54E+01,,
2952,-4.35E-05,1.54E+01,,
2953,-4.35E-05,1.56E+01,,
2954,-4.35E-05,1.56E+01,,
2955,2.00E-01,1.54E+01,,
2956,-4.35E-05,1.54E+01,,
2957,2.00E-01,1.54E+01,,
2958,2.00E-01,1.56E+01,,
2959,2.00E-01,1.54E+01,,
2960,-4.35E-05,1.54E+01,,
2961,2.00E-01,1.56E+01,,
2962,2.00E-01,1.56E+01,,
2963,2.00E-01,1.54E+01,,
2964,-4.35E-05,1.54E+01,,
2965,2.00E-01,1.56E+01,,
2966,2.00E-01,1.56E+01,,
2967,2.00E-01,1.54E+01,,
2968,-2.00E-01,1.54E+01,,
2969,2.00E-01,1.56E+01,,
2970,2.00E-01,1.56E+01,,
2971,2.00E-01,1.54E+01,,
2972,-4.35E-05,1.54E+01,,
2973,-4.35E-05,1.54E+01,,
2974,2.00E-01,1.56E+01,,
2975,2.00E-01,1.54E+01,,
2976,-4.35E-05,1.54E+01,,
2977,2.00E-01,1.54E+01,,
2978,-4.35E-05,1.56E+01,,
2979,2.00E-01,1.54E+01,,
2980,-4.35E-05,1.54E+01,,
2981,2.00E-01,1.56E+01,,
2982,2.00E-01,1.56E+01,,
2983,2.00E-01,1.54E+01,,
2984,-4.35E-05,1.54E+01,,
2985,2.00E-01,1.56E+01,,
2986,2.00E-01,1.56E+01,,
2987,2.00E-01,1.54E+01,,
2988,-4.35E-05,1.54E+01,,
2989,2.00E-01,1.56E+01,,
2990,2.00E-01,1.56E+01,,
2991,2.00E-01,1.54E+01,,
2992,-4.35E-05,1.54E+01,,
2993,2.00E-01,1.54E+01,,
2994,2.00E-01,1.56E+01,,
2995,2.00E-01,1.54E+01,,
2996,-4.35E-05,1.52E+01,,
2997,2.00E-01,1.56E+01,,
2998,2.00E-01,1.56E+01,,
2999,2.00E-01,1.54E+01,,
