X,CH1,CH2,CH3,Start,Increment
Sequence,Volt,Volt,Volt,-1.19E-04,2.00E-07
0,1.60E+00,1.60E+01,1.61E+01,,
1,1.56E+00,1.63E+01,1.60E+01,,
2,1.60E+00,1.63E+01,1.61E+01,,
3,1.56E+00,1.60E+01,1.58E+01,,
4,1.56E+00,1.64E+01,1.57E+01,,
5,1.64E+00,1.58E+01,1.62E+01,,
6,1.60E+00,1.62E+01,1.59E+01,,
7,1.58E+00,1.60E+01,1.58E+01,,
8,1.60E+00,1.60E+01,1.60E+01,,
9,1.56E+00,1.61E+01,1.58E+01,,
10,1.60E+00,1.60E+01,1.59E+01,,
11,1.56E+00,1.62E+01,1.58E+01,,
12,1.60E+00,1.61E+01,1.58E+01,,
13,1.56E+00,1.60E+01,1.59E+01,,
14,1.60E+00,1.61E+01,1.59E+01,,
15,1.56E+00,1.60E+01,1.58E+01,,
16,1.60E+00,1.60E+01,1.59E+01,,
17,1.56E+00,1.59E+01,1.58E+01,,
18,1.60E+00,1.60E+01,1.59E+01,,
19,1.56E+00,1.59E+01,1.57E+01,,
20,1.60E+00,1.60E+01,1.57E+01,,
21,1.58E+00,1.59E+01,1.58E+01,,
22,1.60E+00,1.59E+01,1.59E+01,,
23,1.56E+00,1.58E+01,1.57E+01,,
24,1.60E+00,1.59E+01,1.58E+01,,
25,1.58E+00,1.58E+01,1.57E+01,,
26,1.60E+00,1.58E+01,1.58E+01,,
27,1.58E+00,1.59E+01,1.57E+01,,
28,1.60E+00,1.59E+01,1.58E+01,,
29,1.56E+00,1.57E+01,1.56E+01,,
30,1.60E+00,1.59E+01,1.57E+01,,
31,1.56E+00,1.58E+01,1.57E+01,,
32,1.60E+00,1.57E+01,1.57E+01,,
33,1.58E+00,1.58E+01,1.56E+01,,
34,1.60E+00,1.57E+01,1.56E+01,,
35,1.58E+00,1.58E+01,1.57E+01,,
36,1.58E+00,1.56E+01,1.57E+01,,
37,1.60E+00,1.58E+01,1.56E+01,,
38,1.24E+00,1.38E+01,1.36E+01,,
39,1.88E+00,1.89E+01,1.86E+01,,
40,1.52E+00,1.59E+01,1.62E+01,,
41,1.64E+00,1.54E+01,1.55E+01,,
42,1.62E+00,1.59E+01,1.57E+01,,
43,1.56E+00,1.56E+01,1.59E+01,,
44,1.58E+00,1.56E+01,1.58E+01,,
45,1.60E+00,1.57E+01,1.59E+01,,
46,1.60E+00,1.57E+01,1.59E+01,,
47,1.56E+00,1.55E+01,1.58E+01,,
48,1.60E+00,1.56E+01,1.59E+01,,
49,1.56E+00,1.56E+01,1.60E+01,,
50,1.60E+00,1.55E+01,1.59E+01,,
51,1.58E+00,1.56E+01,1.60E+01,,
52,1.60E+00,1.54E+01,1.59E+01,,
53,1.58E+00,1.56E+01,1.61E+01,,
54,2.02E+00,1.38E+01,1.36E+01,,
55,1.00E+00,1.89E+01,1.87E+01,,
56,1.82E+00,1.77E+01,1.37E+01,,
57,1.48E+00,1.40E+01,1.73E+01,,
58,1.56E+00,1.55E+01,1.58E+01,,
59,1.62E+00,1.59E+01,1.65E+01,,
60,1.60E+00,1.58E+01,1.61E+01,,
61,1.58E+00,1.56E+01,1.63E+01,,
62,1.60E+00,1.57E+01,1.63E+01,,
63,1.56E+00,1.58E+01,1.61E+01,,
64,1.60E+00,1.57E+01,1.62E+01,,
65,1.56E+00,1.59E+01,1.63E+01,,
66,1.58E+00,1.59E+01,1.62E+01,,
67,1.60E+00,1.58E+01,1.63E+01,,
68,1.56E+00,1.57E+01,1.53E+01,,
69,1.62E+00,1.60E+01,1.73E+01,,
70,1.64E+00,1.61E+01,1.65E+01,,
71,1.58E+00,1.59E+01,1.55E+01,,
72,1.60E+00,1.59E+01,1.60E+01,,
73,1.56E+00,1.60E+01,1.61E+01,,
74,1.60E+00,1.59E+01,1.61E+01,,
75,1.56E+00,1.60E+01,1.62E+01,,
76,1.58E+00,1.59E+01,1.61E+01,,
77,1.62E+00,1.61E+01,1.61E+01,,
78,1.60E+00,1.60E+01,1.60E+01,,
79,1.58E+00,1.62E+01,1.61E+01,,
80,1.60E+00,1.61E+01,1.61E+01,,
81,1.58E+00,1.62E+01,1.60E+01,,
82,1.56E+00,1.61E+01,1.61E+01,,
83,1.64E+00,1.63E+01,1.60E+01,,
84,1.62E+00,1.63E+01,1.61E+01,,
85,1.56E+00,1.59E+01,1.58E+01,,
86,1.64E+00,1.65E+01,1.58E+01,,
87,1.56E+00,1.58E+01,1.62E+01,,
88,1.58E+00,1.62E+01,1.59E+01,,
89,1.64E+00,1.60E+01,1.58E+01,,
90,1.60E+00,1.61E+01,1.58E+01,,
91,1.56E+00,1.60E+01,1.59E+01,,
92,1.60E+00,1.61E+01,1.58E+01,,
93,1.58E+00,1.60E+01,1.60E+01,,
94,1.60E+00,1.60E+01,1.60E+01,,
95,1.58E+00,1.61E+01,1.59E+01,,
96,1.60E+00,1.60E+01,1.59E+01,,
97,1.58E+00,1.61E+01,1.58E+01,,
98,1.60E+00,1.60E+01,1.59E+01,,
99,1.58E+00,1.59E+01,1.58E+01,,
100,1.60E+00,1.60E+01,1.57E+01,,
101,1.58E+00,1.59E+01,1.59E+01,,
102,1.62E+00,1.60E+01,1.58E+01,,
103,1.56E+00,1.59E+01,1.57E+01,,
104,1.62E+00,1.60E+01,1.58E+01,,
105,1.58E+00,1.58E+01,1.57E+01,,
106,1.60E+00,1.59E+01,1.57E+01,,
107,1.58E+00,1.59E+01,1.58E+01,,
108,1.60E+00,1.58E+01,1.58E+01,,
109,1.56E+00,1.59E+01,1.57E+01,,
110,1.58E+00,1.59E+01,1.58E+01,,
111,1.62E+00,1.58E+01,1.57E+01,,
112,1.60E+00,1.59E+01,1.58E+01,,
113,1.58E+00,1.58E+01,1.57E+01,,
114,1.60E+00,1.58E+01,1.57E+01,,
115,1.58E+00,1.57E+01,1.57E+01,,
116,1.60E+00,1.59E+01,1.57E+01,,
117,1.58E+00,1.57E+01,1.56E+01,,
118,1.60E+00,1.58E+01,1.56E+01,,
119,1.56E+00,1.57E+01,1.57E+01,,
120,1.22E+00,1.38E+01,1.36E+01,,
121,1.86E+00,1.89E+01,1.86E+01,,
122,1.52E+00,1.60E+01,1.62E+01,,
123,1.64E+00,1.53E+01,1.55E+01,,
124,1.60E+00,1.59E+01,1.57E+01,,
125,1.56E+00,1.56E+01,1.60E+01,,
126,1.60E+00,1.57E+01,1.59E+01,,
127,1.56E+00,1.56E+01,1.58E+01,,
128,1.60E+00,1.57E+01,1.58E+01,,
129,1.56E+00,1.56E+01,1.59E+01,,
130,1.60E+00,1.57E+01,1.59E+01,,
131,1.56E+00,1.56E+01,1.60E+01,,
132,1.60E+00,1.56E+01,1.59E+01,,
133,1.56E+00,1.55E+01,1.60E+01,,
134,1.60E+00,1.56E+01,1.60E+01,,
135,1.58E+00,1.55E+01,1.61E+01,,
136,2.06E+00,1.38E+01,1.36E+01,,
137,1.06E+00,1.89E+01,1.87E+01,,
138,1.82E+00,1.77E+01,1.39E+01,,
139,1.46E+00,1.39E+01,1.77E+01,,
140,1.56E+00,1.54E+01,1.59E+01,,
141,1.62E+00,1.59E+01,1.65E+01,,
142,1.60E+00,1.58E+01,1.61E+01,,
143,1.56E+00,1.56E+01,1.63E+01,,
144,1.60E+00,1.57E+01,1.61E+01,,
145,1.56E+00,1.59E+01,1.62E+01,,
146,1.56E+00,1.59E+01,1.63E+01,,
147,1.60E+00,1.57E+01,1.62E+01,,
148,1.60E+00,1.57E+01,1.62E+01,,
149,1.58E+00,1.59E+01,1.63E+01,,
150,1.62E+00,1.57E+01,1.54E+01,,
151,1.56E+00,1.60E+01,1.73E+01,,
152,1.60E+00,1.61E+01,1.65E+01,,
153,1.56E+00,1.59E+01,1.56E+01,,
154,1.60E+00,1.59E+01,1.60E+01,,
155,1.56E+00,1.60E+01,1.62E+01,,
156,1.60E+00,1.59E+01,1.60E+01,,
157,1.56E+00,1.61E+01,1.61E+01,,
158,1.60E+00,1.60E+01,1.61E+01,,
159,1.56E+00,1.61E+01,1.62E+01,,
160,1.60E+00,1.60E+01,1.62E+01,,
161,1.56E+00,1.61E+01,1.60E+01,,
162,1.60E+00,1.61E+01,1.61E+01,,
163,1.56E+00,1.62E+01,1.60E+01,,
164,1.60E+00,1.61E+01,1.60E+01,,
165,1.56E+00,1.63E+01,1.61E+01,,
166,1.60E+00,1.63E+01,1.61E+01,,
167,1.56E+00,1.59E+01,1.58E+01,,
168,1.56E+00,1.65E+01,1.57E+01,,
169,1.64E+00,1.59E+01,1.62E+01,,
170,1.60E+00,1.62E+01,1.58E+01,,
171,1.56E+00,1.60E+01,1.59E+01,,
172,1.60E+00,1.62E+01,1.59E+01,,
173,1.56E+00,1.61E+01,1.59E+01,,
174,1.60E+00,1.61E+01,1.59E+01,,
175,1.58E+00,1.60E+01,1.58E+01,,
176,1.60E+00,1.61E+01,1.60E+01,,
177,1.56E+00,1.60E+01,1.58E+01,,
178,1.60E+00,1.61E+01,1.58E+01,,
179,1.56E+00,1.60E+01,1.60E+01,,
180,1.60E+00,1.60E+01,1.59E+01,,
181,1.56E+00,1.61E+01,1.58E+01,,
182,1.60E+00,1.59E+01,1.59E+01,,
183,1.58E+00,1.60E+01,1.57E+01,,
184,1.60E+00,1.60E+01,1.59E+01,,
185,1.56E+00,1.59E+01,1.57E+01,,
186,1.60E+00,1.59E+01,1.57E+01,,
187,1.56E+00,1.60E+01,1.58E+01,,
188,1.60E+00,1.60E+01,1.58E+01,,
189,1.58E+00,1.58E+01,1.57E+01,,
190,1.60E+00,1.60E+01,1.58E+01,,
191,1.56E+00,1.58E+01,1.57E+01,,
192,1.60E+00,1.59E+01,1.58E+01,,
193,1.56E+00,1.58E+01,1.57E+01,,
194,1.60E+00,1.59E+01,1.57E+01,,
195,1.56E+00,1.58E+01,1.58E+01,,
196,1.60E+00,1.59E+01,1.58E+01,,
197,1.56E+00,1.57E+01,1.56E+01,,
198,1.60E+00,1.57E+01,1.56E+01,,
199,1.56E+00,1.59E+01,1.57E+01,,
200,1.60E+00,1.58E+01,1.57E+01,,
201,1.56E+00,1.57E+01,1.56E+01,,
202,1.84E+00,1.38E+01,1.36E+01,,
203,1.22E+00,1.89E+01,1.86E+01,,
204,1.52E+00,1.60E+01,1.62E+01,,
205,1.64E+00,1.54E+01,1.55E+01,,
206,1.60E+00,1.59E+01,1.57E+01,,
207,1.56E+00,1.56E+01,1.60E+01,,
208,1.60E+00,1.58E+01,1.58E+01,,
209,1.56E+00,1.56E+01,1.59E+01,,
210,1.60E+00,1.57E+01,1.58E+01,,
211,1.56E+00,1.56E+01,1.60E+01,,
212,1.56E+00,1.56E+01,1.59E+01,,
213,1.60E+00,1.57E+01,1.60E+01,,
214,1.60E+00,1.57E+01,1.59E+01,,
215,1.56E+00,1.56E+01,1.60E+01,,
216,1.60E+00,1.55E+01,1.60E+01,,
217,1.56E+00,1.56E+01,1.61E+01,,
218,2.02E+00,1.38E+01,1.36E+01,,
219,1.00E+00,1.89E+01,1.87E+01,,
220,1.80E+00,1.75E+01,1.38E+01,,
221,1.46E+00,1.38E+01,1.76E+01,,
222,1.56E+00,1.54E+01,1.58E+01,,
223,1.60E+00,1.59E+01,1.65E+01,,
224,1.60E+00,1.58E+01,1.63E+01,,
225,1.56E+00,1.57E+01,1.61E+01,,
226,1.60E+00,1.57E+01,1.61E+01,,
227,1.56E+00,1.59E+01,1.62E+01,,
228,1.60E+00,1.58E+01,1.62E+01,,
229,1.56E+00,1.59E+01,1.63E+01,,
230,1.60E+00,1.58E+01,1.62E+01,,
231,1.56E+00,1.59E+01,1.64E+01,,
232,1.56E+00,1.57E+01,1.54E+01,,
233,1.60E+00,1.60E+01,1.73E+01,,
234,1.60E+00,1.61E+01,1.65E+01,,
235,1.56E+00,1.59E+01,1.56E+01,,
236,1.60E+00,1.59E+01,1.60E+01,,
237,1.56E+00,1.60E+01,1.62E+01,,
238,1.60E+00,1.59E+01,1.62E+01,,
239,1.56E+00,1.61E+01,1.60E+01,,
240,1.60E+00,1.60E+01,1.60E+01,,
241,1.56E+00,1.61E+01,1.62E+01,,
242,1.60E+00,1.61E+01,1.62E+01,,
243,1.56E+00,1.62E+01,1.61E+01,,
244,1.60E+00,1.61E+01,1.62E+01,,
245,1.56E+00,1.62E+01,1.60E+01,,
246,1.60E+00,1.62E+01,1.61E+01,,
247,1.56E+00,1.63E+01,1.60E+01,,
248,1.60E+00,1.63E+01,1.61E+01,,
249,1.56E+00,1.59E+01,1.59E+01,,
250,1.56E+00,1.66E+01,1.58E+01,,
251,1.64E+00,1.58E+01,1.62E+01,,
252,1.60E+00,1.62E+01,1.60E+01,,
253,1.56E+00,1.60E+01,1.58E+01,,
254,1.60E+00,1.60E+01,1.59E+01,,
255,1.56E+00,1.62E+01,1.58E+01,,
256,1.60E+00,1.61E+01,1.59E+01,,
257,1.56E+00,1.62E+01,1.60E+01,,
258,1.60E+00,1.60E+01,1.60E+01,,
259,1.58E+00,1.62E+01,1.58E+01,,
260,1.60E+00,1.61E+01,1.58E+01,,
261,1.56E+00,1.60E+01,1.60E+01,,
262,1.58E+00,1.60E+01,1.59E+01,,
263,1.60E+00,1.61E+01,1.58E+01,,
264,1.60E+00,1.60E+01,1.58E+01,,
265,1.58E+00,1.59E+01,1.59E+01,,
266,1.60E+00,1.60E+01,1.59E+01,,
267,1.56E+00,1.59E+01,1.58E+01,,
268,1.60E+00,1.60E+01,1.58E+01,,
269,1.58E+00,1.59E+01,1.57E+01,,
270,1.60E+00,1.59E+01,1.57E+01,,
271,1.56E+00,1.60E+01,1.59E+01,,
272,1.60E+00,1.60E+01,1.59E+01,,
273,1.56E+00,1.59E+01,1.57E+01,,
274,1.60E+00,1.59E+01,1.57E+01,,
275,1.56E+00,1.58E+01,1.58E+01,,
276,1.60E+00,1.59E+01,1.58E+01,,
277,1.58E+00,1.58E+01,1.57E+01,,
278,1.60E+00,1.59E+01,1.58E+01,,
279,1.58E+00,1.58E+01,1.57E+01,,
280,1.60E+00,1.58E+01,1.58E+01,,
281,1.58E+00,1.59E+01,1.57E+01,,
282,1.60E+00,1.59E+01,1.58E+01,,
283,1.58E+00,1.57E+01,1.56E+01,,
284,1.84E+00,1.38E+01,1.36E+01,,
285,1.24E+00,1.89E+01,1.85E+01,,
286,1.52E+00,1.60E+01,1.62E+01,,
287,1.64E+00,1.55E+01,1.55E+01,,
288,1.60E+00,1.59E+01,1.60E+01,,
289,1.56E+00,1.56E+01,1.58E+01,,
290,1.60E+00,1.56E+01,1.58E+01,,
291,1.56E+00,1.58E+01,1.60E+01,,
292,1.60E+00,1.58E+01,1.59E+01,,
293,1.56E+00,1.56E+01,1.60E+01,,
294,1.58E+00,1.57E+01,1.60E+01,,
295,1.60E+00,1.55E+01,1.59E+01,,
296,1.60E+00,1.57E+01,1.59E+01,,
297,1.58E+00,1.55E+01,1.61E+01,,
298,1.60E+00,1.56E+01,1.60E+01,,
299,1.56E+00,1.55E+01,1.62E+01,,
300,2.12E+00,1.38E+01,1.36E+01,,
301,1.06E+00,1.89E+01,1.87E+01,,
302,1.80E+00,1.78E+01,1.76E+01,,
303,1.48E+00,1.39E+01,1.39E+01,,
304,1.56E+00,1.54E+01,1.59E+01,,
305,1.64E+00,1.60E+01,1.65E+01,,
306,1.60E+00,1.56E+01,1.63E+01,,
307,1.56E+00,1.58E+01,1.61E+01,,
308,1.60E+00,1.57E+01,1.62E+01,,
309,1.58E+00,1.59E+01,1.63E+01,,
310,1.60E+00,1.58E+01,1.62E+01,,
311,1.56E+00,1.59E+01,1.63E+01,,
312,1.60E+00,1.58E+01,1.62E+01,,
313,1.58E+00,1.60E+01,1.64E+01,,
314,1.56E+00,1.57E+01,1.54E+01,,
315,1.62E+00,1.61E+01,1.73E+01,,
316,1.60E+00,1.60E+01,1.63E+01,,
317,1.56E+00,1.59E+01,1.60E+01,,
318,1.58E+00,1.60E+01,1.62E+01,,
319,1.60E+00,1.59E+01,1.60E+01,,
320,1.58E+00,1.60E+01,1.61E+01,,
321,1.60E+00,1.61E+01,1.62E+01,,
322,1.60E+00,1.60E+01,1.62E+01,,
323,1.56E+00,1.62E+01,1.61E+01,,
324,1.60E+00,1.60E+01,1.60E+01,,
325,1.56E+00,1.62E+01,1.62E+01,,
326,1.60E+00,1.62E+01,1.61E+01,,
327,1.58E+00,1.61E+01,1.60E+01,,
328,1.60E+00,1.61E+01,1.60E+01,,
329,1.58E+00,1.63E+01,1.62E+01,,
330,1.64E+00,1.59E+01,1.58E+01,,
331,1.56E+00,1.65E+01,1.62E+01,,
332,1.60E+00,1.58E+01,1.62E+01,,
333,1.56E+00,1.63E+01,1.58E+01,,
334,1.60E+00,1.62E+01,1.60E+01,,
335,1.58E+00,1.61E+01,1.58E+01,,
336,1.58E+00,1.62E+01,1.59E+01,,
337,1.62E+00,1.60E+01,1.60E+01,,
338,1.60E+00,1.61E+01,1.58E+01,,
339,1.58E+00,1.60E+01,1.60E+01,,
340,1.60E+00,1.61E+01,1.59E+01,,
341,1.58E+00,1.60E+01,1.59E+01,,
342,1.60E+00,1.61E+01,1.58E+01,,
343,1.56E+00,1.60E+01,1.60E+01,,
344,1.60E+00,1.60E+01,1.59E+01,,
345,1.58E+00,1.60E+01,1.58E+01,,
346,1.62E+00,1.60E+01,1.59E+01,,
347,1.56E+00,1.59E+01,1.58E+01,,
348,1.60E+00,1.60E+01,1.59E+01,,
349,1.56E+00,1.59E+01,1.57E+01,,
350,1.60E+00,1.60E+01,1.58E+01,,
351,1.58E+00,1.59E+01,1.59E+01,,
352,1.60E+00,1.60E+01,1.59E+01,,
353,1.58E+00,1.58E+01,1.57E+01,,
354,1.60E+00,1.58E+01,1.57E+01,,
355,1.58E+00,1.60E+01,1.58E+01,,
356,1.60E+00,1.59E+01,1.58E+01,,
357,1.56E+00,1.58E+01,1.57E+01,,
358,1.58E+00,1.59E+01,1.58E+01,,
359,1.60E+00,1.58E+01,1.57E+01,,
360,1.60E+00,1.59E+01,1.58E+01,,
361,1.56E+00,1.58E+01,1.57E+01,,
362,1.60E+00,1.58E+01,1.57E+01,,
363,1.58E+00,1.57E+01,1.56E+01,,
364,1.60E+00,1.58E+01,1.58E+01,,
365,1.56E+00,1.57E+01,1.56E+01,,
366,1.22E+00,1.38E+01,1.36E+01,,
367,1.86E+00,1.89E+01,1.87E+01,,
368,1.52E+00,1.60E+01,1.62E+01,,
369,1.64E+00,1.54E+01,1.55E+01,,
370,1.60E+00,1.56E+01,1.60E+01,,
371,1.56E+00,1.59E+01,1.57E+01,,
372,1.60E+00,1.58E+01,1.58E+01,,
373,1.56E+00,1.56E+01,1.59E+01,,
374,1.64E+00,1.57E+01,1.58E+01,,
375,1.56E+00,1.56E+01,1.60E+01,,
376,1.60E+00,1.57E+01,1.59E+01,,
377,1.58E+00,1.56E+01,1.60E+01,,
378,1.60E+00,1.57E+01,1.59E+01,,
379,1.56E+00,1.55E+01,1.60E+01,,
380,1.60E+00,1.56E+01,1.60E+01,,
381,1.56E+00,1.55E+01,1.61E+01,,
382,9.60E-01,1.38E+01,1.36E+01,,
383,1.98E+00,1.89E+01,1.87E+01,,
384,1.86E+00,1.89E+01,1.77E+01,,
385,1.44E+00,1.39E+01,1.39E+01,,
386,1.56E+00,1.53E+01,1.59E+01,,
387,1.64E+00,1.59E+01,1.65E+01,,
388,1.60E+00,1.57E+01,1.61E+01,,
389,1.56E+00,1.58E+01,1.63E+01,,
390,1.60E+00,1.57E+01,1.62E+01,,
391,1.58E+00,1.59E+01,1.62E+01,,
392,1.60E+00,1.58E+01,1.62E+01,,
393,1.56E+00,1.59E+01,1.63E+01,,
394,1.60E+00,1.59E+01,1.63E+01,,
395,1.56E+00,1.58E+01,1.62E+01,,
396,1.56E+00,1.57E+01,1.54E+01,,
397,1.64E+00,1.61E+01,1.73E+01,,
398,1.60E+00,1.58E+01,1.59E+01,,
399,1.56E+00,1.60E+01,1.63E+01,,
400,1.60E+00,1.59E+01,1.60E+01,,
401,1.56E+00,1.60E+01,1.62E+01,,
402,1.60E+00,1.61E+01,1.61E+01,,
403,1.58E+00,1.60E+01,1.61E+01,,
404,1.60E+00,1.60E+01,1.61E+01,,
405,1.56E+00,1.62E+01,1.61E+01,,
406,1.58E+00,1.60E+01,1.61E+01,,
407,1.62E+00,1.62E+01,1.61E+01,,
408,1.60E+00,1.61E+01,1.61E+01,,
409,1.56E+00,1.62E+01,1.60E+01,,
410,1.60E+00,1.63E+01,1.61E+01,,
411,1.58E+00,1.61E+01,1.60E+01,,
412,1.56E+00,1.59E+01,1.58E+01,,
413,1.64E+00,1.65E+01,1.61E+01,,
414,1.56E+00,1.59E+01,1.61E+01,,
415,1.62E+00,1.63E+01,1.59E+01,,
416,1.58E+00,1.61E+01,1.60E+01,,
417,1.60E+00,1.62E+01,1.58E+01,,
418,1.60E+00,1.62E+01,1.59E+01,,
419,1.58E+00,1.61E+01,1.58E+01,,
420,1.60E+00,1.61E+01,1.60E+01,,
421,1.58E+00,1.62E+01,1.58E+01,,
422,1.58E+00,1.61E+01,1.60E+01,,
423,1.62E+00,1.60E+01,1.58E+01,,
424,1.60E+00,1.61E+01,1.58E+01,,
425,1.58E+00,1.60E+01,1.59E+01,,
426,1.58E+00,1.61E+01,1.60E+01,,
427,1.62E+00,1.60E+01,1.57E+01,,
428,1.60E+00,1.59E+01,1.59E+01,,
429,1.58E+00,1.60E+01,1.58E+01,,
430,1.60E+00,1.59E+01,1.59E+01,,
431,1.58E+00,1.60E+01,1.58E+01,,
432,1.60E+00,1.59E+01,1.59E+01,,
433,1.58E+00,1.60E+01,1.58E+01,,
434,1.60E+00,1.60E+01,1.57E+01,,
435,1.58E+00,1.59E+01,1.59E+01,,
436,1.60E+00,1.58E+01,1.59E+01,,
437,1.56E+00,1.59E+01,1.57E+01,,
438,1.60E+00,1.59E+01,1.57E+01,,
439,1.58E+00,1.58E+01,1.58E+01,,
440,1.60E+00,1.58E+01,1.58E+01,,
441,1.56E+00,1.59E+01,1.57E+01,,
442,1.60E+00,1.59E+01,1.57E+01,,
443,1.58E+00,1.57E+01,1.56E+01,,
444,1.60E+00,1.59E+01,1.57E+01,,
445,1.56E+00,1.57E+01,1.56E+01,,
446,1.60E+00,1.57E+01,1.58E+01,,
447,1.56E+00,1.58E+01,1.56E+01,,
448,1.22E+00,1.38E+01,1.36E+01,,
449,1.84E+00,1.89E+01,1.87E+01,,
450,1.54E+00,1.60E+01,1.62E+01,,
451,1.64E+00,1.54E+01,1.55E+01,,
452,1.60E+00,1.59E+01,1.58E+01,,
453,1.56E+00,1.56E+01,1.60E+01,,
454,1.58E+00,1.58E+01,1.58E+01,,
455,1.60E+00,1.56E+01,1.59E+01,,
456,1.58E+00,1.56E+01,1.58E+01,,
457,1.60E+00,1.57E+01,1.60E+01,,
458,1.60E+00,1.56E+01,1.60E+01,,
459,1.56E+00,1.55E+01,1.58E+01,,
460,1.60E+00,1.57E+01,1.59E+01,,
461,1.56E+00,1.55E+01,1.60E+01,,
462,1.60E+00,1.55E+01,1.60E+01,,
463,1.56E+00,1.56E+01,1.61E+01,,
464,9.60E-01,1.38E+01,1.36E+01,,
465,1.98E+00,1.89E+01,1.87E+01,,
466,1.86E+00,1.89E+01,1.77E+01,,
467,1.46E+00,1.38E+01,1.38E+01,,
468,1.56E+00,1.54E+01,1.58E+01,,
469,1.62E+00,1.59E+01,1.65E+01,,
470,1.60E+00,1.58E+01,1.63E+01,,
471,1.56E+00,1.57E+01,1.61E+01,,
472,1.60E+00,1.57E+01,1.61E+01,,
473,1.56E+00,1.58E+01,1.62E+01,,
474,1.60E+00,1.58E+01,1.62E+01,,
475,1.56E+00,1.59E+01,1.63E+01,,
476,1.60E+00,1.60E+01,1.62E+01,,
477,1.56E+00,1.58E+01,1.64E+01,,
478,1.60E+00,1.57E+01,1.54E+01,,
479,1.56E+00,1.61E+01,1.73E+01,,
480,1.60E+00,1.59E+01,1.58E+01,,
481,1.56E+00,1.60E+01,1.63E+01,,
482,1.60E+00,1.59E+01,1.62E+01,,
483,1.56E+00,1.60E+01,1.60E+01,,
484,1.60E+00,1.61E+01,1.60E+01,,
485,1.56E+00,1.60E+01,1.62E+01,,
486,1.60E+00,1.60E+01,1.60E+01,,
487,1.56E+00,1.61E+01,1.61E+01,,
488,1.58E+00,1.61E+01,1.61E+01,,
489,1.60E+00,1.61E+01,1.60E+01,,
490,1.60E+00,1.61E+01,1.60E+01,,
491,1.58E+00,1.62E+01,1.61E+01,,
492,1.60E+00,1.61E+01,1.61E+01,,
493,1.56E+00,1.62E+01,1.60E+01,,
494,1.56E+00,1.59E+01,1.61E+01,,
495,1.66E+00,1.64E+01,1.57E+01,,
496,1.60E+00,1.58E+01,1.62E+01,,
497,1.56E+00,1.62E+01,1.58E+01,,
498,1.60E+00,1.62E+01,1.59E+01,,
499,1.56E+00,1.61E+01,1.59E+01,,
500,1.60E+00,1.60E+01,1.60E+01,,
501,1.56E+00,1.62E+01,1.58E+01,,
502,1.56E+00,1.62E+01,1.58E+01,,
503,1.60E+00,1.60E+01,1.60E+01,,
504,1.60E+00,1.60E+01,1.58E+01,,
505,1.58E+00,1.61E+01,1.60E+01,,
506,1.60E+00,1.61E+01,1.60E+01,,
507,1.58E+00,1.59E+01,1.58E+01,,
508,1.60E+00,1.61E+01,1.58E+01,,
509,1.56E+00,1.59E+01,1.59E+01,,
510,1.60E+00,1.61E+01,1.58E+01,,
511,1.58E+00,1.59E+01,1.59E+01,,
512,1.60E+00,1.60E+01,1.59E+01,,
513,1.56E+00,1.59E+01,1.57E+01,,
514,1.60E+00,1.60E+01,1.58E+01,,
515,1.58E+00,1.59E+01,1.57E+01,,
516,1.60E+00,1.59E+01,1.58E+01,,
517,1.56E+00,1.59E+01,1.57E+01,,
518,1.60E+00,1.59E+01,1.57E+01,,
519,1.58E+00,1.58E+01,1.58E+01,,
520,1.60E+00,1.59E+01,1.57E+01,,
521,1.56E+00,1.57E+01,1.58E+01,,
522,1.60E+00,1.59E+01,1.57E+01,,
523,1.58E+00,1.58E+01,1.57E+01,,
524,1.60E+00,1.59E+01,1.56E+01,,
525,1.56E+00,1.57E+01,1.58E+01,,
526,1.60E+00,1.57E+01,1.56E+01,,
527,1.58E+00,1.59E+01,1.57E+01,,
528,1.60E+00,1.59E+01,1.56E+01,,
529,1.58E+00,1.57E+01,1.57E+01,,
530,1.22E+00,1.38E+01,1.36E+01,,
531,1.84E+00,1.89E+01,1.86E+01,,
532,1.50E+00,1.59E+01,1.53E+01,,
533,1.64E+00,1.54E+01,1.62E+01,,
534,1.60E+00,1.59E+01,1.60E+01,,
535,1.56E+00,1.56E+01,1.57E+01,,
536,1.60E+00,1.57E+01,1.58E+01,,
537,1.56E+00,1.56E+01,1.60E+01,,
538,1.60E+00,1.57E+01,1.58E+01,,
539,1.56E+00,1.56E+01,1.60E+01,,
540,1.60E+00,1.57E+01,1.59E+01,,
541,1.56E+00,1.56E+01,1.60E+01,,
542,1.60E+00,1.57E+01,1.59E+01,,
543,1.56E+00,1.55E+01,1.60E+01,,
544,1.60E+00,1.55E+01,1.61E+01,,
545,1.56E+00,1.56E+01,1.60E+01,,
546,2.08E+00,1.38E+01,1.36E+01,,
547,1.04E+00,1.89E+01,1.87E+01,,
548,1.84E+00,1.89E+01,1.40E+01,,
549,1.46E+00,1.38E+01,1.77E+01,,
550,1.60E+00,1.54E+01,1.58E+01,,
551,1.56E+00,1.59E+01,1.65E+01,,
552,1.60E+00,1.58E+01,1.61E+01,,
553,1.56E+00,1.56E+01,1.63E+01,,
554,1.60E+00,1.57E+01,1.61E+01,,
555,1.56E+00,1.59E+01,1.63E+01,,
556,1.60E+00,1.58E+01,1.63E+01,,
557,1.56E+00,1.57E+01,1.61E+01,,
558,1.60E+00,1.57E+01,1.65E+01,,
559,1.56E+00,1.59E+01,1.62E+01,,
560,1.60E+00,1.57E+01,1.53E+01,,
561,1.56E+00,1.60E+01,1.72E+01,,
562,1.60E+00,1.58E+01,1.58E+01,,
563,1.56E+00,1.60E+01,1.63E+01,,
564,1.60E+00,1.59E+01,1.62E+01,,
565,1.56E+00,1.61E+01,1.60E+01,,
566,1.60E+00,1.59E+01,1.61E+01,,
567,1.56E+00,1.61E+01,1.61E+01,,
568,1.60E+00,1.60E+01,1.61E+01,,
569,1.56E+00,1.61E+01,1.60E+01,,
570,1.60E+00,1.60E+01,1.62E+01,,
571,1.58E+00,1.62E+01,1.60E+01,,
572,1.60E+00,1.61E+01,1.61E+01,,
573,1.56E+00,1.62E+01,1.60E+01,,
574,1.60E+00,1.61E+01,1.61E+01,,
575,1.56E+00,1.63E+01,1.60E+01,,
576,1.56E+00,1.59E+01,1.58E+01,,
577,1.64E+00,1.65E+01,1.61E+01,,
578,1.60E+00,1.58E+01,1.62E+01,,
579,1.56E+00,1.63E+01,1.58E+01,,
580,1.60E+00,1.60E+01,1.59E+01,,
581,1.56E+00,1.62E+01,1.58E+01,,
582,1.58E+00,1.61E+01,1.58E+01,,
583,1.60E+00,1.61E+01,1.60E+01,,
584,1.60E+00,1.60E+01,1.60E+01,,
585,1.58E+00,1.61E+01,1.58E+01,,
586,1.60E+00,1.61E+01,1.60E+01,,
587,1.56E+00,1.60E+01,1.58E+01,,
588,1.60E+00,1.61E+01,1.59E+01,,
589,1.58E+00,1.60E+01,1.58E+01,,
590,1.60E+00,1.60E+01,1.59E+01,,
591,1.56E+00,1.59E+01,1.58E+01,,
592,1.60E+00,1.60E+01,1.59E+01,,
593,1.58E+00,1.59E+01,1.58E+01,,
594,1.60E+00,1.60E+01,1.59E+01,,
595,1.58E+00,1.59E+01,1.58E+01,,
596,1.60E+00,1.59E+01,1.58E+01,,
597,1.56E+00,1.60E+01,1.57E+01,,
598,1.60E+00,1.60E+01,1.58E+01,,
599,1.56E+00,1.58E+01,1.57E+01,,
600,1.60E+00,1.60E+01,1.58E+01,,
601,1.56E+00,1.58E+01,1.57E+01,,
602,1.60E+00,1.59E+01,1.58E+01,,
603,1.58E+00,1.58E+01,1.57E+01,,
604,1.60E+00,1.59E+01,1.56E+01,,
605,1.58E+00,1.58E+01,1.58E+01,,
606,1.60E+00,1.57E+01,1.58E+01,,
607,1.58E+00,1.59E+01,1.56E+01,,
608,1.58E+00,1.59E+01,1.56E+01,,
609,1.60E+00,1.57E+01,1.57E+01,,
610,1.60E+00,1.57E+01,1.58E+01,,
611,1.58E+00,1.58E+01,1.56E+01,,
612,1.88E+00,1.38E+01,1.36E+01,,
613,1.24E+00,1.89E+01,1.86E+01,,
614,1.52E+00,1.59E+01,1.52E+01,,
615,1.64E+00,1.54E+01,1.62E+01,,
616,1.60E+00,1.59E+01,1.61E+01,,
617,1.56E+00,1.56E+01,1.57E+01,,
618,1.58E+00,1.56E+01,1.58E+01,,
619,1.62E+00,1.57E+01,1.59E+01,,
620,1.60E+00,1.57E+01,1.58E+01,,
621,1.58E+00,1.56E+01,1.59E+01,,
622,1.58E+00,1.57E+01,1.59E+01,,
623,1.62E+00,1.55E+01,1.60E+01,,
624,1.60E+00,1.57E+01,1.60E+01,,
625,1.58E+00,1.55E+01,1.59E+01,,
626,1.60E+00,1.56E+01,1.60E+01,,
627,1.56E+00,1.55E+01,1.61E+01,,
628,2.08E+00,1.38E+01,1.36E+01,,
629,1.02E+00,1.89E+01,1.87E+01,,
630,1.84E+00,1.89E+01,1.77E+01,,
631,1.46E+00,1.38E+01,1.39E+01,,
632,1.56E+00,1.52E+01,1.57E+01,,
633,1.64E+00,1.59E+01,1.65E+01,,
634,1.58E+00,1.58E+01,1.63E+01,,
635,1.60E+00,1.56E+01,1.61E+01,,
636,1.58E+00,1.57E+01,1.61E+01,,
637,1.60E+00,1.59E+01,1.63E+01,,
638,1.58E+00,1.59E+01,1.62E+01,,
639,1.60E+00,1.58E+01,1.63E+01,,
640,1.60E+00,1.58E+01,1.64E+01,,
641,1.58E+00,1.60E+01,1.61E+01,,
642,1.58E+00,1.57E+01,1.54E+01,,
643,1.62E+00,1.61E+01,1.73E+01,,
644,1.60E+00,1.58E+01,1.58E+01,,
645,1.58E+00,1.60E+01,1.63E+01,,
646,1.60E+00,1.59E+01,1.61E+01,,
647,1.56E+00,1.60E+01,1.60E+01,,
648,1.58E+00,1.59E+01,1.61E+01,,
649,1.60E+00,1.61E+01,1.60E+01,,
650,1.60E+00,1.60E+01,1.61E+01,,
651,1.58E+00,1.61E+01,1.62E+01,,
652,1.60E+00,1.62E+01,1.60E+01,,
653,1.58E+00,1.60E+01,1.61E+01,,
654,1.58E+00,1.61E+01,1.62E+01,,
655,1.62E+00,1.62E+01,1.60E+01,,
656,1.58E+00,1.61E+01,1.61E+01,,
657,1.64E+00,1.62E+01,1.60E+01,,
658,1.64E+00,1.59E+01,1.58E+01,,
659,1.56E+00,1.64E+01,1.61E+01,,
660,1.56E+00,1.59E+01,1.62E+01,,
661,1.64E+00,1.62E+01,1.58E+01,,
662,1.60E+00,1.60E+01,1.60E+01,,
663,1.58E+00,1.61E+01,1.58E+01,,
664,1.60E+00,1.61E+01,1.58E+01,,
665,1.58E+00,1.60E+01,1.59E+01,,
666,1.58E+00,1.60E+01,1.58E+01,,
667,1.60E+00,1.61E+01,1.59E+01,,
668,1.60E+00,1.61E+01,1.59E+01,,
669,1.58E+00,1.60E+01,1.59E+01,,
670,1.58E+00,1.61E+01,1.59E+01,,
671,1.60E+00,1.59E+01,1.58E+01,,
672,1.60E+00,1.60E+01,1.59E+01,,
673,1.58E+00,1.59E+01,1.58E+01,,
674,1.60E+00,1.60E+01,1.59E+01,,
675,1.58E+00,1.59E+01,1.58E+01,,
676,1.58E+00,1.59E+01,1.58E+01,,
677,1.62E+00,1.60E+01,1.57E+01,,
678,1.60E+00,1.59E+01,1.57E+01,,
679,1.56E+00,1.60E+01,1.58E+01,,
680,1.60E+00,1.59E+01,1.58E+01,,
681,1.58E+00,1.58E+01,1.57E+01,,
682,1.64E+00,1.59E+01,1.58E+01,,
683,1.58E+00,1.58E+01,1.57E+01,,
684,1.60E+00,1.58E+01,1.58E+01,,
685,1.56E+00,1.59E+01,1.57E+01,,
686,1.60E+00,1.59E+01,1.58E+01,,
687,1.58E+00,1.57E+01,1.57E+01,,
688,1.60E+00,1.59E+01,1.57E+01,,
689,1.58E+00,1.57E+01,1.56E+01,,
690,1.60E+00,1.57E+01,1.57E+01,,
691,1.58E+00,1.58E+01,1.56E+01,,
692,1.58E+00,1.57E+01,1.56E+01,,
693,1.64E+00,1.58E+01,1.57E+01,,
694,1.24E+00,1.38E+01,1.36E+01,,
695,1.84E+00,1.89E+01,1.86E+01,,
696,1.50E+00,1.59E+01,1.53E+01,,
697,1.64E+00,1.54E+01,1.62E+01,,
698,1.58E+00,1.59E+01,1.60E+01,,
699,1.64E+00,1.56E+01,1.58E+01,,
700,1.60E+00,1.57E+01,1.59E+01,,
701,1.58E+00,1.56E+01,1.58E+01,,
702,1.60E+00,1.57E+01,1.58E+01,,
703,1.56E+00,1.56E+01,1.59E+01,,
704,1.60E+00,1.57E+01,1.59E+01,,
705,1.56E+00,1.55E+01,1.60E+01,,
706,1.60E+00,1.56E+01,1.59E+01,,
707,1.56E+00,1.55E+01,1.60E+01,,
708,1.60E+00,1.55E+01,1.60E+01,,
709,1.56E+00,1.56E+01,1.61E+01,,
710,1.98E+00,1.38E+01,1.36E+01,,
711,9.60E-01,1.89E+01,1.87E+01,,
712,1.84E+00,1.88E+01,1.77E+01,,
713,1.44E+00,1.39E+01,1.37E+01,,
714,1.54E+00,1.52E+01,1.55E+01,,
715,1.64E+00,1.59E+01,1.65E+01,,
716,1.60E+00,1.56E+01,1.63E+01,,
717,1.58E+00,1.58E+01,1.61E+01,,
718,1.60E+00,1.57E+01,1.63E+01,,
719,1.58E+00,1.58E+01,1.61E+01,,
720,1.60E+00,1.57E+01,1.61E+01,,
721,1.56E+00,1.58E+01,1.63E+01,,
722,1.60E+00,1.57E+01,1.62E+01,,
723,1.58E+00,1.59E+01,1.64E+01,,
724,1.60E+00,1.57E+01,1.53E+01,,
725,1.58E+00,1.61E+01,1.72E+01,,
726,1.60E+00,1.58E+01,1.57E+01,,
727,1.56E+00,1.60E+01,1.63E+01,,
728,1.60E+00,1.59E+01,1.62E+01,,
729,1.56E+00,1.60E+01,1.60E+01,,
730,1.58E+00,1.59E+01,1.60E+01,,
731,1.60E+00,1.61E+01,1.62E+01,,
732,1.60E+00,1.60E+01,1.60E+01,,
733,1.56E+00,1.61E+01,1.62E+01,,
734,1.60E+00,1.60E+01,1.60E+01,,
735,1.56E+00,1.61E+01,1.61E+01,,
736,1.58E+00,1.61E+01,1.61E+01,,
737,1.64E+00,1.62E+01,1.60E+01,,
738,1.60E+00,1.61E+01,1.61E+01,,
739,1.58E+00,1.62E+01,1.59E+01,,
740,1.56E+00,1.59E+01,1.61E+01,,
741,1.64E+00,1.65E+01,1.57E+01,,
742,1.62E+00,1.58E+01,1.61E+01,,
743,1.56E+00,1.63E+01,1.58E+01,,
744,1.60E+00,1.62E+01,1.60E+01,,
745,1.58E+00,1.60E+01,1.58E+01,,
746,1.60E+00,1.61E+01,1.58E+01,,
747,1.58E+00,1.60E+01,1.59E+01,,
748,1.58E+00,1.61E+01,1.58E+01,,
749,1.60E+00,1.60E+01,1.59E+01,,
750,1.60E+00,1.61E+01,1.60E+01,,
751,1.58E+00,1.60E+01,1.58E+01,,
752,1.56E+00,1.61E+01,1.58E+01,,
753,1.62E+00,1.60E+01,1.59E+01,,
754,1.60E+00,1.60E+01,1.58E+01,,
755,1.56E+00,1.59E+01,1.59E+01,,
756,1.60E+00,1.60E+01,1.59E+01,,
757,1.58E+00,1.59E+01,1.58E+01,,
758,1.64E+00,1.60E+01,1.58E+01,,
759,1.56E+00,1.59E+01,1.58E+01,,
760,1.60E+00,1.60E+01,1.58E+01,,
761,1.58E+00,1.58E+01,1.57E+01,,
762,1.60E+00,1.58E+01,1.57E+01,,
763,1.58E+00,1.59E+01,1.58E+01,,
764,1.60E+00,1.60E+01,1.58E+01,,
765,1.58E+00,1.58E+01,1.57E+01,,
766,1.60E+00,1.59E+01,1.58E+01,,
767,1.58E+00,1.58E+01,1.56E+01,,
768,1.60E+00,1.59E+01,1.56E+01,,
769,1.58E+00,1.57E+01,1.58E+01,,
770,1.60E+00,1.58E+01,1.56E+01,,
771,1.58E+00,1.57E+01,1.57E+01,,
772,1.58E+00,1.58E+01,1.56E+01,,
773,1.60E+00,1.57E+01,1.57E+01,,
774,1.60E+00,1.58E+01,1.56E+01,,
775,1.58E+00,1.57E+01,1.57E+01,,
776,1.24E+00,1.38E+01,1.36E+01,,
777,1.86E+00,1.89E+01,1.86E+01,,
778,1.50E+00,1.53E+01,1.53E+01,,
779,1.64E+00,1.59E+01,1.62E+01,,
780,1.60E+00,1.56E+01,1.61E+01,,
781,1.58E+00,1.59E+01,1.57E+01,,
782,1.60E+00,1.57E+01,1.59E+01,,
783,1.58E+00,1.56E+01,1.58E+01,,
784,1.58E+00,1.57E+01,1.58E+01,,
785,1.60E+00,1.56E+01,1.59E+01,,
786,1.58E+00,1.56E+01,1.58E+01,,
787,1.60E+00,1.56E+01,1.60E+01,,
788,1.60E+00,1.56E+01,1.60E+01,,
789,1.58E+00,1.55E+01,1.59E+01,,
790,1.60E+00,1.56E+01,1.59E+01,,
791,1.58E+00,1.55E+01,1.61E+01,,
792,1.96E+00,1.38E+01,1.36E+01,,
793,9.60E-01,1.89E+01,1.87E+01,,
794,1.98E+00,1.89E+01,1.87E+01,,
795,1.44E+00,1.39E+01,1.37E+01,,
796,1.56E+00,1.52E+01,1.56E+01,,
797,1.64E+00,1.59E+01,1.64E+01,,
798,1.60E+00,1.58E+01,1.60E+01,,
799,1.58E+00,1.56E+01,1.62E+01,,
800,1.60E+00,1.58E+01,1.61E+01,,
801,1.58E+00,1.57E+01,1.63E+01,,
802,1.58E+00,1.57E+01,1.61E+01,,
803,1.64E+00,1.58E+01,1.63E+01,,
804,1.60E+00,1.58E+01,1.62E+01,,
805,1.58E+00,1.59E+01,1.64E+01,,
806,1.58E+00,1.57E+01,1.53E+01,,
807,1.62E+00,1.60E+01,1.72E+01,,
808,1.60E+00,1.58E+01,1.57E+01,,
809,1.58E+00,1.60E+01,1.64E+01,,
810,1.58E+00,1.59E+01,1.62E+01,,
811,1.64E+00,1.60E+01,1.60E+01,,
812,1.62E+00,1.59E+01,1.60E+01,,
813,1.58E+00,1.60E+01,1.61E+01,,
814,1.58E+00,1.60E+01,1.61E+01,,
815,1.60E+00,1.61E+01,1.60E+01,,
816,1.58E+00,1.60E+01,1.61E+01,,
817,1.62E+00,1.62E+01,1.60E+01,,
818,1.60E+00,1.61E+01,1.61E+01,,
819,1.58E+00,1.62E+01,1.60E+01,,
820,1.60E+00,1.61E+01,1.61E+01,,
821,1.58E+00,1.63E+01,1.59E+01,,
822,1.56E+00,1.59E+01,1.57E+01,,
823,1.64E+00,1.65E+01,1.61E+01,,
824,1.62E+00,1.58E+01,1.62E+01,,
825,1.56E+00,1.63E+01,1.58E+01,,
826,1.58E+00,1.62E+01,1.59E+01,,
827,1.64E+00,1.60E+01,1.58E+01,,
828,1.60E+00,1.60E+01,1.58E+01,,
829,1.58E+00,1.61E+01,1.59E+01,,
830,1.60E+00,1.61E+01,1.58E+01,,
831,1.58E+00,1.60E+01,1.59E+01,,
832,1.58E+00,1.61E+01,1.59E+01,,
833,1.62E+00,1.60E+01,1.58E+01,,
834,1.62E+00,1.61E+01,1.59E+01,,
835,1.56E+00,1.60E+01,1.58E+01,,
836,1.58E+00,1.60E+01,1.59E+01,,
837,1.62E+00,1.59E+01,1.58E+01,,
838,1.60E+00,1.60E+01,1.59E+01,,
839,1.58E+00,1.59E+01,1.57E+01,,
840,1.60E+00,1.60E+01,1.57E+01,,
841,1.56E+00,1.58E+01,1.58E+01,,
842,1.58E+00,1.60E+01,1.57E+01,,
843,1.64E+00,1.59E+01,1.58E+01,,
844,1.58E+00,1.59E+01,1.58E+01,,
845,1.62E+00,1.58E+01,1.57E+01,,
846,1.58E+00,1.59E+01,1.58E+01,,
847,1.60E+00,1.58E+01,1.57E+01,,
848,1.60E+00,1.59E+01,1.57E+01,,
849,1.56E+00,1.58E+01,1.58E+01,,
850,1.60E+00,1.59E+01,1.56E+01,,
851,1.58E+00,1.57E+01,1.58E+01,,
852,1.60E+00,1.58E+01,1.56E+01,,
853,1.58E+00,1.57E+01,1.57E+01,,
854,1.60E+00,1.58E+01,1.57E+01,,
855,1.58E+00,1.57E+01,1.56E+01,,
856,1.60E+00,1.57E+01,1.56E+01,,
857,1.58E+00,1.58E+01,1.57E+01,,
858,1.20E+00,1.38E+01,1.36E+01,,
859,1.88E+00,1.89E+01,1.86E+01,,
860,1.50E+00,1.60E+01,1.53E+01,,
861,1.64E+00,1.53E+01,1.62E+01,,
862,1.58E+00,1.58E+01,1.60E+01,,
863,1.60E+00,1.56E+01,1.57E+01,,
864,1.60E+00,1.57E+01,1.58E+01,,
865,1.56E+00,1.55E+01,1.59E+01,,
866,1.60E+00,1.55E+01,1.58E+01,,
867,1.56E+00,1.57E+01,1.59E+01,,
868,1.60E+00,1.57E+01,1.58E+01,,
869,1.58E+00,1.55E+01,1.60E+01,,
870,1.60E+00,1.55E+01,1.59E+01,,
871,1.56E+00,1.56E+01,1.60E+01,,
872,1.60E+00,1.56E+01,1.60E+01,,
873,1.58E+00,1.55E+01,1.59E+01,,
874,2.08E+00,1.38E+01,1.36E+01,,
875,1.02E+00,1.89E+01,1.87E+01,,
876,1.90E+00,1.89E+01,1.87E+01,,
877,1.46E+00,1.39E+01,1.39E+01,,
878,1.54E+00,1.51E+01,1.56E+01,,
879,1.62E+00,1.59E+01,1.65E+01,,
880,1.60E+00,1.56E+01,1.63E+01,,
881,1.56E+00,1.58E+01,1.61E+01,,
882,1.60E+00,1.57E+01,1.61E+01,,
883,1.56E+00,1.58E+01,1.63E+01,,
884,1.60E+00,1.57E+01,1.61E+01,,
885,1.56E+00,1.58E+01,1.62E+01,,
886,1.60E+00,1.58E+01,1.64E+01,,
887,1.58E+00,1.59E+01,1.61E+01,,
888,1.60E+00,1.57E+01,1.54E+01,,
889,1.56E+00,1.60E+01,1.72E+01,,
890,1.60E+00,1.58E+01,1.56E+01,,
891,1.58E+00,1.60E+01,1.63E+01,,
892,1.60E+00,1.59E+01,1.61E+01,,
893,1.58E+00,1.60E+01,1.60E+01,,
894,1.60E+00,1.59E+01,1.62E+01,,
895,1.58E+00,1.61E+01,1.60E+01,,
896,1.60E+00,1.60E+01,1.61E+01,,
897,1.56E+00,1.61E+01,1.60E+01,,
898,1.60E+00,1.60E+01,1.61E+01,,
899,1.58E+00,1.61E+01,1.60E+01,,
900,1.60E+00,1.62E+01,1.61E+01,,
901,1.58E+00,1.61E+01,1.60E+01,,
902,1.60E+00,1.61E+01,1.60E+01,,
903,1.58E+00,1.63E+01,1.59E+01,,
904,1.56E+00,1.59E+01,1.57E+01,,
905,1.64E+00,1.65E+01,1.61E+01,,
906,1.64E+00,1.63E+01,1.61E+01,,
907,1.56E+00,1.58E+01,1.58E+01,,
908,1.56E+00,1.60E+01,1.60E+01,,
909,1.64E+00,1.62E+01,1.58E+01,,
910,1.58E+00,1.61E+01,1.60E+01,,
911,1.62E+00,1.60E+01,1.58E+01,,
912,1.58E+00,1.60E+01,1.59E+01,,
913,1.64E+00,1.61E+01,1.58E+01,,
914,1.60E+00,1.60E+01,1.58E+01,,
915,1.56E+00,1.61E+01,1.60E+01,,
916,1.60E+00,1.59E+01,1.59E+01,,
917,1.58E+00,1.60E+01,1.58E+01,,
918,1.58E+00,1.60E+01,1.59E+01,,
919,1.60E+00,1.59E+01,1.58E+01,,
920,1.58E+00,1.59E+01,1.59E+01,,
921,1.60E+00,1.60E+01,1.57E+01,,
922,1.60E+00,1.59E+01,1.57E+01,,
923,1.56E+00,1.60E+01,1.59E+01,,
924,1.60E+00,1.59E+01,1.57E+01,,
925,1.58E+00,1.58E+01,1.58E+01,,
926,1.58E+00,1.58E+01,1.58E+01,,
927,1.60E+00,1.60E+01,1.57E+01,,
928,1.58E+00,1.59E+01,1.58E+01,,
929,1.60E+00,1.58E+01,1.57E+01,,
930,1.60E+00,1.59E+01,1.58E+01,,
931,1.58E+00,1.58E+01,1.57E+01,,
932,1.60E+00,1.58E+01,1.58E+01,,
933,1.58E+00,1.57E+01,1.57E+01,,
934,1.58E+00,1.58E+01,1.57E+01,,
935,1.62E+00,1.57E+01,1.56E+01,,
936,1.60E+00,1.57E+01,1.57E+01,,
937,1.58E+00,1.58E+01,1.56E+01,,
938,1.60E+00,1.58E+01,1.57E+01,,
939,1.58E+00,1.56E+01,1.56E+01,,
940,1.20E+00,1.38E+01,1.36E+01,,
941,1.88E+00,1.89E+01,1.85E+01,,
942,1.52E+00,1.60E+01,1.53E+01,,
943,1.64E+00,1.53E+01,1.62E+01,,
944,1.58E+00,1.58E+01,1.60E+01,,
945,1.62E+00,1.56E+01,1.57E+01,,
946,1.60E+00,1.57E+01,1.59E+01,,
947,1.58E+00,1.56E+01,1.58E+01,,
948,1.60E+00,1.57E+01,1.59E+01,,
949,1.58E+00,1.56E+01,1.58E+01,,
950,1.60E+00,1.57E+01,1.59E+01,,
951,1.58E+00,1.55E+01,1.60E+01,,
952,1.60E+00,1.56E+01,1.60E+01,,
953,1.58E+00,1.55E+01,1.59E+01,,
954,1.60E+00,1.55E+01,1.59E+01,,
955,1.56E+00,1.56E+01,1.61E+01,,
956,1.96E+00,1.38E+01,1.36E+01,,
957,9.60E-01,1.89E+01,1.87E+01,,
958,1.96E+00,1.89E+01,1.87E+01,,
959,1.44E+00,1.39E+01,1.38E+01,,
960,1.52E+00,1.51E+01,1.55E+01,,
961,1.64E+00,1.60E+01,1.64E+01,,
962,1.60E+00,1.56E+01,1.63E+01,,
963,1.56E+00,1.58E+01,1.61E+01,,
964,1.58E+00,1.56E+01,1.61E+01,,
965,1.64E+00,1.58E+01,1.62E+01,,
966,1.60E+00,1.57E+01,1.62E+01,,
967,1.58E+00,1.58E+01,1.61E+01,,
968,1.60E+00,1.57E+01,1.62E+01,,
969,1.58E+00,1.59E+01,1.64E+01,,
970,1.60E+00,1.57E+01,1.54E+01,,
971,1.56E+00,1.60E+01,1.72E+01,,
972,1.60E+00,1.58E+01,1.56E+01,,
973,1.56E+00,1.59E+01,1.63E+01,,
974,1.60E+00,1.58E+01,1.62E+01,,
975,1.58E+00,1.60E+01,1.60E+01,,
976,1.58E+00,1.59E+01,1.62E+01,,
977,1.60E+00,1.61E+01,1.60E+01,,
978,1.60E+00,1.60E+01,1.61E+01,,
979,1.58E+00,1.61E+01,1.60E+01,,
980,1.60E+00,1.60E+01,1.61E+01,,
981,1.58E+00,1.62E+01,1.59E+01,,
982,1.60E+00,1.62E+01,1.60E+01,,
983,1.58E+00,1.61E+01,1.61E+01,,
984,1.60E+00,1.61E+01,1.61E+01,,
985,1.58E+00,1.62E+01,1.59E+01,,
986,1.56E+00,1.59E+01,1.61E+01,,
987,1.66E+00,1.64E+01,1.57E+01,,
988,1.64E+00,1.64E+01,1.61E+01,,
989,1.56E+00,1.58E+01,1.58E+01,,
990,1.60E+00,1.60E+01,1.58E+01,,
991,1.58E+00,1.61E+01,1.59E+01,,
992,1.60E+00,1.60E+01,1.58E+01,,
993,1.58E+00,1.61E+01,1.59E+01,,
994,1.58E+00,1.61E+01,1.58E+01,,
995,1.60E+00,1.60E+01,1.59E+01,,
996,1.60E+00,1.61E+01,1.59E+01,,
997,1.58E+00,1.60E+01,1.58E+01,,
998,1.60E+00,1.60E+01,1.59E+01,,
999,1.56E+00,1.60E+01,1.58E+01,,
1000,1.60E+00,1.59E+01,1.59E+01,,
1001,1.56E+00,1.60E+01,1.57E+01,,
1002,1.60E+00,1.60E+01,1.59E+01,,
1003,1.56E+00,1.59E+01,1.58E+01,,
1004,1.60E+00,1.60E+01,1.58E+01,,
1005,1.56E+00,1.59E+01,1.57E+01,,
1006,1.60E+00,1.58E+01,1.59E+01,,
1007,1.58E+00,1.59E+01,1.57E+01,,
1008,1.58E+00,1.59E+01,1.57E+01,,
1009,1.60E+00,1.57E+01,1.58E+01,,
1010,1.64E+00,1.59E+01,1.57E+01,,
1011,1.56E+00,1.57E+01,1.58E+01,,
1012,1.60E+00,1.59E+01,1.57E+01,,
1013,1.58E+00,1.57E+01,1.57E+01,,
1014,1.60E+00,1.57E+01,1.56E+01,,
1015,1.56E+00,1.59E+01,1.58E+01,,
1016,1.60E+00,1.58E+01,1.56E+01,,
1017,1.56E+00,1.57E+01,1.57E+01,,
1018,1.60E+00,1.57E+01,1.57E+01,,
1019,1.56E+00,1.58E+01,1.56E+01,,
1020,1.60E+00,1.57E+01,1.56E+01,,
1021,1.56E+00,1.58E+01,1.58E+01,,
1022,1.22E+00,1.38E+01,1.36E+01,,
1023,1.86E+00,1.89E+01,1.85E+01,,
1024,1.50E+00,1.62E+01,1.52E+01,,
1025,1.64E+00,1.49E+01,1.62E+01,,
1026,1.60E+00,1.58E+01,1.60E+01,,
1027,1.56E+00,1.55E+01,1.57E+01,,
1028,1.60E+00,1.57E+01,1.57E+01,,
1029,1.56E+00,1.55E+01,1.59E+01,,
1030,1.58E+00,1.56E+01,1.58E+01,,
1031,1.60E+00,1.57E+01,1.59E+01,,
1032,1.60E+00,1.56E+01,1.58E+01,,
1033,1.56E+00,1.55E+01,1.60E+01,,
1034,1.60E+00,1.56E+01,1.59E+01,,
1035,1.56E+00,1.55E+01,1.60E+01,,
1036,1.56E+00,1.56E+01,1.59E+01,,
1037,1.60E+00,1.55E+01,1.60E+01,,
1038,1.76E+00,1.38E+01,1.36E+01,,
1039,9.80E-01,1.87E+01,1.86E+01,,
1040,2.00E+00,1.89E+01,1.87E+01,,
1041,1.46E+00,1.38E+01,1.38E+01,,
1042,1.54E+00,1.52E+01,1.56E+01,,
1043,1.62E+00,1.58E+01,1.65E+01,,
1044,1.60E+00,1.56E+01,1.60E+01,,
1045,1.56E+00,1.58E+01,1.63E+01,,
1046,1.60E+00,1.58E+01,1.61E+01,,
1047,1.56E+00,1.57E+01,1.62E+01,,
1048,1.60E+00,1.57E+01,1.62E+01,,
1049,1.58E+00,1.58E+01,1.62E+01,,
1050,1.60E+00,1.57E+01,1.62E+01,,
1051,1.56E+00,1.59E+01,1.64E+01,,
1052,1.60E+00,1.57E+01,1.53E+01,,
1053,1.56E+00,1.60E+01,1.72E+01,,
1054,1.60E+00,1.59E+01,1.55E+01,,
1055,1.56E+00,1.58E+01,1.63E+01,,
1056,1.60E+00,1.58E+01,1.61E+01,,
1057,1.56E+00,1.60E+01,1.60E+01,,
1058,1.58E+00,1.60E+01,1.60E+01,,
1059,1.60E+00,1.59E+01,1.61E+01,,
1060,1.58E+00,1.60E+01,1.61E+01,,
1061,1.60E+00,1.61E+01,1.60E+01,,
1062,1.60E+00,1.60E+01,1.60E+01,,
1063,1.56E+00,1.62E+01,1.62E+01,,
1064,1.58E+00,1.60E+01,1.59E+01,,
1065,1.60E+00,1.62E+01,1.61E+01,,
1066,1.60E+00,1.61E+01,1.61E+01,,
1067,1.56E+00,1.62E+01,1.59E+01,,
1068,1.56E+00,1.60E+01,1.61E+01,,
1069,1.64E+00,1.64E+01,1.57E+01,,
1070,1.64E+00,1.64E+01,1.61E+01,,
1071,1.56E+00,1.58E+01,1.58E+01,,
1072,1.60E+00,1.59E+01,1.58E+01,,
1073,1.58E+00,1.61E+01,1.59E+01,,
1074,1.60E+00,1.61E+01,1.59E+01,,
1075,1.56E+00,1.60E+01,1.58E+01,,
1076,1.60E+00,1.61E+01,1.59E+01,,
1077,1.58E+00,1.60E+01,1.58E+01,,
1078,1.60E+00,1.60E+01,1.58E+01,,
1079,1.56E+00,1.61E+01,1.59E+01,,
1080,1.60E+00,1.60E+01,1.58E+01,,
1081,1.56E+00,1.60E+01,1.59E+01,,
1082,1.60E+00,1.60E+01,1.59E+01,,
1083,1.56E+00,1.59E+01,1.58E+01,,
1084,1.58E+00,1.60E+01,1.58E+01,,
1085,1.60E+00,1.58E+01,1.59E+01,,
1086,1.60E+00,1.60E+01,1.58E+01,,
1087,1.56E+00,1.58E+01,1.57E+01,,
1088,1.60E+00,1.59E+01,1.58E+01,,
1089,1.58E+00,1.58E+01,1.57E+01,,
1090,1.60E+00,1.59E+01,1.57E+01,,
1091,1.58E+00,1.58E+01,1.58E+01,,
1092,1.60E+00,1.59E+01,1.57E+01,,
1093,1.58E+00,1.57E+01,1.58E+01,,
1094,1.60E+00,1.57E+01,1.58E+01,,
1095,1.56E+00,1.59E+01,1.56E+01,,
1096,1.60E+00,1.58E+01,1.57E+01,,
1097,1.56E+00,1.57E+01,1.56E+01,,
1098,1.60E+00,1.58E+01,1.57E+01,,
1099,1.56E+00,1.57E+01,1.56E+01,,
1100,1.56E+00,1.58E+01,1.57E+01,,
1101,1.60E+00,1.57E+01,1.56E+01,,
1102,1.60E+00,1.58E+01,1.55E+01,,
1103,1.56E+00,1.56E+01,1.57E+01,,
1104,1.24E+00,1.38E+01,1.36E+01,,
1105,1.84E+00,1.89E+01,1.86E+01,,
1106,1.50E+00,1.62E+01,1.52E+01,,
1107,1.64E+00,1.48E+01,1.61E+01,,
1108,1.60E+00,1.58E+01,1.60E+01,,
1109,1.56E+00,1.56E+01,1.57E+01,,
1110,1.60E+00,1.57E+01,1.57E+01,,
1111,1.56E+00,1.56E+01,1.59E+01,,
1112,1.56E+00,1.55E+01,1.58E+01,,
1113,1.60E+00,1.57E+01,1.59E+01,,
1114,1.60E+00,1.56E+01,1.58E+01,,
1115,1.56E+00,1.55E+01,1.60E+01,,
1116,1.60E+00,1.56E+01,1.59E+01,,
1117,1.56E+00,1.55E+01,1.60E+01,,
1118,1.56E+00,1.56E+01,1.59E+01,,
1119,1.60E+00,1.54E+01,1.60E+01,,
1120,2.08E+00,1.79E+01,1.36E+01,,
1121,1.08E+00,1.38E+01,1.87E+01,,
1122,2.00E+00,1.89E+01,1.87E+01,,
1123,1.48E+00,1.38E+01,1.38E+01,,
1124,1.52E+00,1.51E+01,1.56E+01,,
1125,1.62E+00,1.59E+01,1.65E+01,,
1126,1.60E+00,1.55E+01,1.62E+01,,
1127,1.56E+00,1.58E+01,1.60E+01,,
1128,1.60E+00,1.57E+01,1.61E+01,,
1129,1.56E+00,1.58E+01,1.62E+01,,
1130,1.60E+00,1.57E+01,1.61E+01,,
1131,1.56E+00,1.58E+01,1.63E+01,,
1132,1.60E+00,1.58E+01,1.63E+01,,
1133,1.56E+00,1.59E+01,1.61E+01,,
1134,1.60E+00,1.57E+01,1.54E+01,,
1135,1.56E+00,1.60E+01,1.71E+01,,
1136,1.60E+00,1.58E+01,1.55E+01,,
1137,1.56E+00,1.59E+01,1.63E+01,,
1138,1.60E+00,1.59E+01,1.62E+01,,
1139,1.56E+00,1.60E+01,1.60E+01,,
1140,1.60E+00,1.58E+01,1.60E+01,,
1141,1.56E+00,1.61E+01,1.61E+01,,
1142,1.60E+00,1.61E+01,1.61E+01,,
1143,1.56E+00,1.59E+01,1.60E+01,,
1144,1.60E+00,1.61E+01,1.61E+01,,
1145,1.56E+00,1.60E+01,1.60E+01,,
1146,1.56E+00,1.62E+01,1.61E+01,,
1147,1.60E+00,1.60E+01,1.60E+01,,
1148,1.60E+00,1.61E+01,1.61E+01,,
1149,1.56E+00,1.62E+01,1.60E+01,,
1150,1.56E+00,1.59E+01,1.61E+01,,
1151,1.64E+00,1.64E+01,1.57E+01,,
1152,1.64E+00,1.64E+01,1.61E+01,,
1153,1.56E+00,1.58E+01,1.58E+01,,
1154,1.60E+00,1.61E+01,1.60E+01,,
1155,1.58E+00,1.60E+01,1.58E+01,,
1156,1.60E+00,1.61E+01,1.58E+01,,
1157,1.56E+00,1.60E+01,1.59E+01,,
1158,1.60E+00,1.61E+01,1.59E+01,,
1159,1.56E+00,1.60E+01,1.58E+01,,
1160,1.60E+00,1.61E+01,1.59E+01,,
1161,1.56E+00,1.59E+01,1.58E+01,,
1162,1.56E+00,1.61E+01,1.59E+01,,
1163,1.60E+00,1.59E+01,1.57E+01,,
1164,1.60E+00,1.59E+01,1.58E+01,,
1165,1.56E+00,1.60E+01,1.59E+01,,
1166,1.60E+00,1.59E+01,1.58E+01,,
1167,1.56E+00,1.60E+01,1.57E+01,,
1168,1.60E+00,1.59E+01,1.57E+01,,
1169,1.56E+00,1.58E+01,1.58E+01,,
1170,1.60E+00,1.60E+01,1.57E+01,,
1171,1.56E+00,1.58E+01,1.58E+01,,
1172,1.60E+00,1.59E+01,1.58E+01,,
1173,1.56E+00,1.58E+01,1.57E+01,,
1174,1.60E+00,1.58E+01,1.58E+01,,
1175,1.56E+00,1.59E+01,1.56E+01,,
1176,1.60E+00,1.59E+01,1.58E+01,,
1177,1.56E+00,1.58E+01,1.57E+01,,
1178,1.60E+00,1.58E+01,1.57E+01,,
1179,1.56E+00,1.57E+01,1.56E+01,,
1180,1.60E+00,1.58E+01,1.56E+01,,
1181,1.56E+00,1.56E+01,1.57E+01,,
1182,1.60E+00,1.56E+01,1.57E+01,,
1183,1.56E+00,1.58E+01,1.56E+01,,
1184,1.60E+00,1.58E+01,1.56E+01,,
1185,1.56E+00,1.57E+01,1.57E+01,,
1186,1.84E+00,1.38E+01,1.36E+01,,
1187,1.24E+00,1.89E+01,1.84E+01,,
1188,1.66E+00,1.65E+01,1.63E+01,,
1189,1.50E+00,1.48E+01,1.53E+01,,
1190,1.60E+00,1.58E+01,1.60E+01,,
1191,1.56E+00,1.55E+01,1.57E+01,,
1192,1.60E+00,1.57E+01,1.57E+01,,
1193,1.56E+00,1.55E+01,1.59E+01,,
1194,1.60E+00,1.56E+01,1.58E+01,,
1195,1.56E+00,1.57E+01,1.59E+01,,
1196,1.60E+00,1.56E+01,1.59E+01,,
1197,1.56E+00,1.55E+01,1.58E+01,,
1198,1.60E+00,1.56E+01,1.59E+01,,
1199,1.56E+00,1.55E+01,1.58E+01,,
